ID_faktura,Pocet_Splatok,Klient,Variabilny_symbol,Datum_Vyst_Faktury,Suma_Faktury,Mena,Kurz_Faktury,Faktura_v_EUR,Datum_Uhrady,Suma_Tejto_Platby,Kurz_Platby,Platba_v_EUR,Kurzovy_Rozdiel,Auto_Sparovane
2020450613,2,Ing. Pavol Vnuk - NORPAL,20260001,1/5/2026,"1,200.00",EUR,1,1200,1/7/2026,600.00,1,600,0,Áno
2020450613,2,Ing. Pavol Vnuk - NORPAL,20260001,1/5/2026,"1,200.00",EUR,1,1200,1/12/2026,600.00,1,600,0,Áno
2020450609,1,Ing. Pavol Vnuk - NORPAL,2026001,1/5/2026,500.00,EUR,1,500,1/11/2026,500.00,1,500,0,Áno
2020450611,2,British Airways,2026002,1/5/2026,150.00,GBP,0.8676,172.89,2/6/2026,75.00,0.8679,86.42,-0.03,Áno
2020450611,2,British Airways,2026002,1/5/2026,150.00,GBP,0.8676,172.89,2/27/2026,75.00,0.8763,85.59,-0.86,Áno
2020450612,1,KROS a.s.,2026010001,1/5/2026,45.90,EUR,1,45.9,1/7/2026,-45.90,1,-45.9,0,Áno
2020450610,2,Alza.cz a.s.,9988413,1/5/2026,"2,500.00",CZK,24.195,103.33,1/26/2026,"1,250.00",24.251,51.54,-0.12,Áno
2020450610,2,Alza.cz a.s.,9988413,1/5/2026,"2,500.00",CZK,24.195,103.33,2/19/2026,"1,250.00",24.245,51.56,-0.11,Áno
2020450614,1,Alza.cz a.s.,1192026,1/6/2026,"15,400.00",CZK,24.195,636.5,1/15/2026,"15,400.00",24.278,634.32,-2.18,Áno
2020450616,2,British Airways,20260002,1/6/2026,850.00,GBP,0.8663,981.18,2/2/2026,425.00,0.8658,490.88,0.28,Áno
2020450616,2,British Airways,20260002,1/6/2026,850.00,GBP,0.8663,981.18,2/21/2026,425.00,0.8738,486.38,-4.21,Áno
2020450617,1,Jana Tvorivá - Creative Studio,20260003,1/6/2026,400.00,EUR,1,400,1/17/2026,400.00,1,400,0,Áno
2020450618,1,Ing. Pavol Vnuk - NORPAL,20260004,1/6/2026,"1,200.00",EUR,1,1200,1/11/2026,"1,200.00",1,1200,0,Áno
2020450615,2,KROS a.s.,2026010002,1/6/2026,45.90,EUR,1,45.9,1/10/2026,-22.95,1,-22.95,0,Áno
2020450615,2,KROS a.s.,2026010002,1/6/2026,45.90,EUR,1,45.9,1/16/2026,-22.95,1,-22.95,0,Áno
2020450620,2,Alza.cz a.s.,1292026,1/7/2026,"8,900.00",CZK,24.29,366.41,1/29/2026,"4,450.00",24.335,182.86,-0.34,Áno
2020450620,2,Alza.cz a.s.,1292026,1/7/2026,"8,900.00",CZK,24.29,366.41,2/22/2026,"4,450.00",24.245,183.54,0.34,Áno
2020450619,1,Lucia Prekladová - LINGUA,20260005,1/7/2026,650.00,EUR,1,650,1/15/2026,650.00,1,650,0,Áno
2020450621,2,Flux a.s.,20260006,1/7/2026,"2,100.00",EUR,1,2100,1/13/2026,"1,050.00",1,1050,0,Áno
2020450621,2,Flux a.s.,20260006,1/7/2026,"2,100.00",EUR,1,2100,1/19/2026,"1,050.00",1,1050,0,Áno
2020450622,1,Ing. Pavol Vnuk - NORPAL,20260007,1/7/2026,"1,200.00",EUR,1,1200,1/10/2026,"1,200.00",1,1200,0,Áno
2020450623,1,British Airways,20260008,1/7/2026,"1,100.00",GBP,0.8664,1269.62,1/13/2026,"1,100.00",0.866,1270.21,0.59,Áno
2020450624,1,Jana Tvorivá - Creative Studio,20260009,1/7/2026,350.00,EUR,1,350,1/17/2026,350.00,1,350,0,Áno
2020450625,1,KROS a.s.,2026010003,1/7/2026,120.00,EUR,1,120,1/9/2026,-120.00,1,-120,0,Áno
2020450627,1,Alza.cz a.s.,1182026,1/8/2026,"4,500.00",CZK,24.262,185.48,1/17/2026,"4,500.00",24.286,185.29,-0.18,Áno
2020450626,2,Ing. Pavol Vnuk - NORPAL,20260026,1/8/2026,"1,200.00",EUR,1,1200,1/11/2026,240.00,1,240,0,Áno
2020450626,2,Ing. Pavol Vnuk - NORPAL,20260026,1/8/2026,"1,200.00",EUR,1,1200,1/16/2026,240.00,1,240,0,Áno
2020450628,1,Jana Tvorivá - Creative Studio,20260027,1/8/2026,350.00,EUR,1,350,1/13/2026,350.00,1,350,0,Áno
2020450629,1,British Airways,20260028,1/9/2026,850.00,GBP,0.8677,979.6,1/16/2026,850.00,0.867,980.39,0.79,Áno
2020450630,1,Lucia Prekladová - LINGUA,20260029,1/9/2026,650.00,EUR,1,650,1/15/2026,650.00,1,650,0,Áno
2020450631,1,KROS a.s.,2026010004,1/9/2026,45.90,EUR,1,45.9,1/20/2026,-45.90,1,-45.9,0,Áno
2020450633,1,Alza.cz a.s.,1122026,1/12/2026,"3,200.00",CZK,24.288,131.75,1/26/2026,"3,200.00",24.251,131.95,0.2,Áno
2020450632,1,Ing. Pavol Vnuk - NORPAL,20260030,1/12/2026,"1,200.00",EUR,1,1200,1/15/2026,"1,200.00",1,1200,0,Áno
2020450634,1,Flux a.s.,20260031,1/12/2026,"2,100.00",EUR,1,2100,1/14/2026,"2,100.00",1,2100,0,Áno
2020450635,2,Jana Tvorivá - Creative Studio,20260032,1/13/2026,350.00,EUR,1,350,1/17/2026,175.00,1,175,0,Áno
2020450635,2,Jana Tvorivá - Creative Studio,20260032,1/13/2026,350.00,EUR,1,350,1/29/2026,175.00,1,175,0,Áno
2020450636,1,British Airways,20260033,1/13/2026,450.00,GBP,0.866,519.63,1/21/2026,450.00,0.8744,514.64,-4.99,Áno
2020450637,1,Lucia Prekladová - LINGUA,20260034,1/14/2026,900.00,EUR,1,900,1/21/2026,900.00,1,900,0,Áno
2020450638,2,KROS a.s.,2026010005,1/14/2026,120.00,EUR,1,120,1/19/2026,-24.00,1,-24,0,Áno
2020450638,2,KROS a.s.,2026010005,1/14/2026,120.00,EUR,1,120,1/31/2026,-24.00,1,-24,0,Áno
2020450640,1,Alza.cz a.s.,1152026,1/15/2026,"1,500.00",CZK,24.278,61.78,1/17/2026,"1,500.00",24.286,61.76,-0.02,Áno
2020450639,1,Ing. Pavol Vnuk - NORPAL,20260035,1/15/2026,"1,200.00",EUR,1,1200,1/17/2026,"1,200.00",1,1200,0,Áno
2020450641,2,Jana Tvorivá - Creative Studio,20260036,1/16/2026,300.00,EUR,1,300,1/18/2026,60.00,1,60,0,Áno
2020450641,2,Jana Tvorivá - Creative Studio,20260036,1/16/2026,300.00,EUR,1,300,1/26/2026,60.00,1,60,0,Áno
2020450642,2,British Airways,20260037,1/16/2026,"1,100.00",GBP,0.867,1268.74,2/18/2026,220.00,0.8724,252.18,-1.57,Áno
2020450642,2,British Airways,20260037,1/16/2026,"1,100.00",GBP,0.867,1268.74,3/24/2026,220.00,0.8654,254.21,0.47,Áno
2020450672,1,Flux a.s.,20260120001,1/20/2026,658.25,EUR,1,658.25,1/21/2026,658.25,1,658.25,0,Áno
2020450960,1,Flux a.s.,20260120001,1/20/2026,"1,409.28",EUR,1,1409.28,1/25/2026,"1,409.28",1,1409.28,0,Áno
2020450961,1,Flux a.s.,20260120002,1/20/2026,663.55,EUR,1,663.55,1/25/2026,663.55,1,663.55,0,Áno
2020450673,1,Lucia Prekladová - LINGUA,20260120002,1/20/2026,982.40,EUR,1,982.4,1/28/2026,982.40,1,982.4,0,Áno
2020450863,1,Alza.cz a.s.,20260120192,1/20/2026,415.07,CZK,24.333,17.06,1/25/2026,415.07,24.31,17.07,0.02,Áno
2020450864,2,Ing. Pavol Vnuk - NORPAL,20260120193,1/20/2026,823.63,EUR,1,823.63,1/26/2026,411.82,1,411.82,0,Áno
2020450864,2,Ing. Pavol Vnuk - NORPAL,20260120193,1/20/2026,823.63,EUR,1,823.63,2/2/2026,411.81,1,411.81,0,Áno
2020450865,1,Flux a.s.,20260120194,1/20/2026,"1,509.87",EUR,1,1509.87,1/22/2026,"1,509.87",1,1509.87,0,Áno
2020450867,2,KROS a.s.,2026010006,1/21/2026,337.04,EUR,1,337.04,1/24/2026,-168.52,1,-168.52,0,Áno
2020450867,2,KROS a.s.,2026010006,1/21/2026,337.04,EUR,1,337.04,1/30/2026,-168.52,1,-168.52,0,Áno
2020450674,1,Flux a.s.,20260121003,1/21/2026,419.64,EUR,1,419.64,1/25/2026,419.64,1,419.64,0,Áno
2020450675,1,Alza.cz a.s.,20260121004,1/21/2026,783.87,CZK,24.356,32.18,1/28/2026,783.87,24.294,32.27,0.08,Áno
2020450963,1,Alza.cz a.s.,20260121004,1/21/2026,"1,300.34",CZK,24.356,53.39,1/30/2026,"1,300.34",24.325,53.46,0.07,Áno
2020450676,1,Jana Tvorivá - Creative Studio,20260121005,1/21/2026,"1,173.63",EUR,1,1173.63,1/30/2026,"1,173.63",1,1173.63,0,Áno
2020450964,1,Flux a.s.,20260121005,1/21/2026,"1,368.75",EUR,1,1368.75,1/31/2026,"1,368.75",1,1368.75,0,Áno
2020450866,2,Ing. Pavol Vnuk - NORPAL,20260121195,1/21/2026,"1,018.43",EUR,1,1018.43,1/25/2026,203.69,1,203.69,0,Áno
2020450866,2,Ing. Pavol Vnuk - NORPAL,20260121195,1/21/2026,"1,018.43",EUR,1,1018.43,2/4/2026,203.69,1,203.69,0,Áno
2020450868,1,Flux a.s.,20260121197,1/21/2026,128.68,EUR,1,128.68,1/22/2026,128.68,1,128.68,0,Áno
2020450679,2,KROS a.s.,2026010007,1/22/2026,259.54,EUR,1,259.54,1/24/2026,-51.91,1,-51.91,0,Áno
2020450679,2,KROS a.s.,2026010007,1/22/2026,259.54,EUR,1,259.54,2/7/2026,-51.91,1,-51.91,0,Áno
2020450871,1,KROS a.s.,2026010008,1/22/2026,234.22,EUR,1,234.22,1/31/2026,-234.22,1,-234.22,0,Áno
2020450967,1,KROS a.s.,2026010009,1/22/2026,518.94,EUR,1,518.94,1/23/2026,-518.94,1,-518.94,0,Áno
2020450677,1,Lucia Prekladová - LINGUA,20260122006,1/22/2026,436.69,EUR,1,436.69,2/2/2026,436.69,1,436.69,0,Áno
2020450965,1,Lucia Prekladová - LINGUA,20260122006,1/22/2026,"1,114.66",EUR,1,1114.66,2/4/2026,"1,114.66",1,1114.66,0,Áno
2020450966,1,Ing. Pavol Vnuk - NORPAL,20260122007,1/22/2026,750.07,EUR,1,750.07,1/24/2026,750.07,1,750.07,0,Áno
2020450678,1,Flux a.s.,20260122007,1/22/2026,"1,351.45",EUR,1,1351.45,1/31/2026,"1,351.45",1,1351.45,0,Áno
2020450869,1,British Airways,20260122198,1/22/2026,"1,321.21",GBP,0.8722,1514.8,2/1/2026,"1,321.21",0.8662,1525.29,10.49,Áno
2020450870,1,Flux a.s.,20260122199,1/22/2026,"1,413.75",EUR,1,1413.75,2/4/2026,"1,413.75",1,1413.75,0,Áno
2020450680,1,Flux a.s.,20260123009,1/23/2026,258.88,EUR,1,258.88,2/2/2026,258.88,1,258.88,0,Áno
2020450969,1,Lucia Prekladová - LINGUA,20260123010,1/23/2026,296.23,EUR,1,296.23,1/27/2026,296.23,1,296.23,0,Áno
2020450682,1,Lucia Prekladová - LINGUA,20260123011,1/23/2026,537.11,EUR,1,537.11,1/30/2026,537.11,1,537.11,0,Áno
2020450872,1,Lucia Prekladová - LINGUA,20260123201,1/23/2026,757.51,EUR,1,757.51,2/2/2026,757.51,1,757.51,0,Áno
2020450873,1,Lucia Prekladová - LINGUA,20260123202,1/23/2026,"1,468.48",EUR,1,1468.48,1/30/2026,"1,468.48",1,1468.48,0,Áno
2020450874,1,Flux a.s.,20260123203,1/23/2026,"1,129.30",EUR,1,1129.3,1/24/2026,"1,129.30",1,1129.3,0,Áno
2020450683,1,KROS a.s.,2026010010,1/26/2026,191.63,EUR,1,191.63,1/30/2026,-191.63,1,-191.63,0,Áno
2020450875,2,KROS a.s.,2026010011,1/26/2026,"1,185.47",EUR,1,1185.47,1/31/2026,-237.09,1,-237.09,0,Áno
2020450875,2,KROS a.s.,2026010011,1/26/2026,"1,185.47",EUR,1,1185.47,2/5/2026,-237.09,1,-237.09,0,Áno
2020450971,1,Alza.cz a.s.,20260126012,1/26/2026,"1,248.63",CZK,24.251,51.49,3/16/2026,"1,248.63",24.436,51.1,-0.39,Áno
2020450972,1,Jana Tvorivá - Creative Studio,20260126013,1/26/2026,"1,058.59",EUR,1,1058.59,1/29/2026,"1,058.59",1,1058.59,0,Áno
2020450685,1,British Airways,20260126014,1/26/2026,260.03,GBP,0.8675,299.75,2/3/2026,260.03,0.8623,301.55,1.81,Áno
2020450973,1,Lucia Prekladová - LINGUA,20260126014,1/26/2026,"1,220.71",EUR,1,1220.71,2/6/2026,"1,220.71",1,1220.71,0,Áno
2020450876,1,Flux a.s.,20260126205,1/26/2026,419.84,EUR,1,419.84,2/3/2026,419.84,1,419.84,0,Áno
2020450877,1,Jana Tvorivá - Creative Studio,20260126206,1/26/2026,839.13,EUR,1,839.13,1/29/2026,839.13,1,839.13,0,Áno
2020450687,1,KROS a.s.,2026010012,1/27/2026,838.67,EUR,1,838.67,2/7/2026,-838.67,1,-838.67,0,Áno
2020450879,1,KROS a.s.,2026010013,1/27/2026,"1,574.33",EUR,1,1574.33,2/9/2026,"-1,574.33",1,-1574.33,0,Áno
2020450975,1,Alza.cz a.s.,20260127016,1/27/2026,"1,497.97",CZK,24.267,61.73,2/4/2026,"1,497.97",24.357,61.5,-0.23,Áno
2020450976,1,British Airways,20260127017,1/27/2026,"1,200.59",GBP,0.8683,1382.69,2/1/2026,"1,200.59",0.8662,1386.04,3.35,Áno
2020450688,1,British Airways,20260127017,1/27/2026,"1,220.07",GBP,0.8683,1405.12,2/10/2026,"1,220.07",0.8695,1403.19,-1.94,Áno
2020450878,1,Lucia Prekladová - LINGUA,20260127207,1/27/2026,652.17,EUR,1,652.17,1/29/2026,652.17,1,652.17,0,Áno
2020450880,1,Ing. Pavol Vnuk - NORPAL,20260127209,1/27/2026,"1,067.58",EUR,1,1067.58,1/28/2026,"1,067.58",1,1067.58,0,Áno
2020450689,1,British Airways,20260128018,1/28/2026,"1,333.67",GBP,0.8685,1535.6,2/6/2026,"1,333.67",0.8679,1536.66,1.06,Áno
2020450977,1,British Airways,20260128018,1/28/2026,"1,580.24",GBP,0.8685,1819.5,2/27/2026,"1,580.24",0.8763,1803.31,-16.2,Áno
2020450978,1,Lucia Prekladová - LINGUA,20260128019,1/28/2026,251.39,EUR,1,251.39,1/29/2026,251.39,1,251.39,0,Áno
2020450690,1,Jana Tvorivá - Creative Studio,20260128019,1/28/2026,235.35,EUR,1,235.35,2/5/2026,235.35,1,235.35,0,Áno
2020450691,1,Alza.cz a.s.,20260128020,1/28/2026,513.91,CZK,24.294,21.15,2/3/2026,513.91,24.312,21.14,-0.02,Áno
2020450881,1,British Airways,20260128210,1/28/2026,500.30,GBP,0.8685,576.05,2/2/2026,500.30,0.8658,577.85,1.8,Áno
2020450882,2,British Airways,20260128211,1/28/2026,586.58,GBP,0.8685,675.39,2/18/2026,117.32,0.8724,134.48,-0.6,Áno
2020450882,2,British Airways,20260128211,1/28/2026,586.58,GBP,0.8685,675.39,3/17/2026,117.32,0.8643,135.74,0.66,Áno
2020450883,2,Alza.cz a.s.,20260128212,1/28/2026,839.05,CZK,24.294,34.54,2/22/2026,167.81,24.245,6.92,0.01,Áno
2020450883,2,Alza.cz a.s.,20260128212,1/28/2026,839.05,CZK,24.294,34.54,3/17/2026,167.81,24.437,6.87,-0.04,Áno
2020450980,1,Lucia Prekladová - LINGUA,20260129021,1/29/2026,635.37,EUR,1,635.37,2/1/2026,635.37,1,635.37,0,Áno
2020450981,1,Lucia Prekladová - LINGUA,20260129022,1/29/2026,496.66,EUR,1,496.66,2/1/2026,496.66,1,496.66,0,Áno
2020450693,1,Flux a.s.,20260129022,1/29/2026,"1,034.51",EUR,1,1034.51,2/6/2026,"1,034.51",1,1034.51,0,Áno
2020450694,1,Jana Tvorivá - Creative Studio,20260129023,1/29/2026,573.63,EUR,1,573.63,1/30/2026,573.63,1,573.63,0,Áno
2020450884,1,Lucia Prekladová - LINGUA,20260129213,1/29/2026,644.81,EUR,1,644.81,1/31/2026,644.81,1,644.81,0,Áno
2020450885,2,Lucia Prekladová - LINGUA,20260129214,1/29/2026,"1,448.82",EUR,1,1448.82,2/4/2026,724.41,1,724.41,0,Áno
2020450885,2,Lucia Prekladová - LINGUA,20260129214,1/29/2026,"1,448.82",EUR,1,1448.82,2/15/2026,724.41,1,724.41,0,Áno
2020450886,1,British Airways,20260129215,1/29/2026,903.98,GBP,0.8662,1043.62,2/2/2026,903.98,0.8658,1044.1,0.48,Áno
2020450695,1,KROS a.s.,2026010014,1/30/2026,835.25,EUR,1,835.25,2/13/2026,-835.25,1,-835.25,0,Áno
2020450887,1,KROS a.s.,2026010015,1/30/2026,222.52,EUR,1,222.52,2/13/2026,-222.52,1,-222.52,0,Áno
2020450983,1,KROS a.s.,2026010016,1/30/2026,113.20,EUR,1,113.2,2/13/2026,-113.20,1,-113.2,0,Áno
2020450984,1,Lucia Prekladová - LINGUA,20260130025,1/30/2026,"1,174.20",EUR,1,1174.2,2/5/2026,"1,174.20",1,1174.2,0,Áno
2020450696,1,Ing. Pavol Vnuk - NORPAL,20260130025,1/30/2026,125.81,EUR,1,125.81,2/7/2026,125.81,1,125.81,0,Áno
2020450985,1,Ing. Pavol Vnuk - NORPAL,20260130026,1/30/2026,771.46,EUR,1,771.46,2/12/2026,771.46,1,771.46,0,Áno
2020450697,1,Flux a.s.,20260130026,1/30/2026,"1,414.04",EUR,1,1414.04,2/12/2026,"1,414.04",1,1414.04,0,Áno
2020450888,2,Lucia Prekladová - LINGUA,20260130217,1/30/2026,"1,337.82",EUR,1,1337.82,2/4/2026,267.56,1,267.56,0,Áno
2020450888,2,Lucia Prekladová - LINGUA,20260130217,1/30/2026,"1,337.82",EUR,1,1337.82,2/13/2026,267.56,1,267.56,0,Áno
2020450889,1,Ing. Pavol Vnuk - NORPAL,20260130218,1/30/2026,861.19,EUR,1,861.19,2/1/2026,861.19,1,861.19,0,Áno
2020450645,1,Alza.cz a.s.,2022026,2/2/2026,"5,200.00",CZK,24.305,213.95,2/9/2026,"5,200.00",24.217,214.73,0.78,Áno
2020450643,1,Ing. Pavol Vnuk - NORPAL,20260038,2/2/2026,"1,200.00",EUR,1,1200,2/7/2026,"1,200.00",1,1200,0,Áno
2020450644,2,KROS a.s.,2026020001,2/2/2026,45.90,EUR,1,45.9,2/7/2026,-9.18,1,-9.18,0,Áno
2020450644,2,KROS a.s.,2026020001,2/2/2026,45.90,EUR,1,45.9,2/12/2026,-9.18,1,-9.18,0,Áno
2020450699,2,KROS a.s.,2026020002,2/2/2026,"1,475.32",EUR,1,1475.32,2/7/2026,-295.06,1,-295.06,0,Áno
2020450699,2,KROS a.s.,2026020002,2/2/2026,"1,475.32",EUR,1,1475.32,2/17/2026,-295.06,1,-295.06,0,Áno
2020450987,1,KROS a.s.,2026020003,2/2/2026,"1,269.62",EUR,1,1269.62,2/11/2026,"-1,269.62",1,-1269.62,0,Áno
2020450698,1,Jana Tvorivá - Creative Studio,20260202027,2/2/2026,317.11,EUR,1,317.11,2/12/2026,317.11,1,317.11,0,Áno
2020450986,1,British Airways,20260202027,2/2/2026,"1,330.71",GBP,0.8658,1536.97,2/13/2026,"1,330.71",0.8716,1526.74,-10.23,Áno
2020450700,1,Jana Tvorivá - Creative Studio,20260202029,2/2/2026,924.95,EUR,1,924.95,2/9/2026,924.95,1,924.95,0,Áno
2020450988,1,Lucia Prekladová - LINGUA,20260202029,2/2/2026,620.56,EUR,1,620.56,2/13/2026,620.56,1,620.56,0,Áno
2020450890,2,Flux a.s.,20260202219,2/2/2026,193.00,EUR,1,193,2/8/2026,96.50,1,96.5,0,Áno
2020450890,2,Flux a.s.,20260202219,2/2/2026,193.00,EUR,1,193,2/19/2026,96.50,1,96.5,0,Áno
2020450891,2,Alza.cz a.s.,20260202220,2/2/2026,522.38,CZK,24.305,21.49,3/1/2026,261.19,24.244,10.77,0.03,Áno
2020450891,2,Alza.cz a.s.,20260202220,2/2/2026,522.38,CZK,24.305,21.49,3/20/2026,261.19,24.505,10.66,-0.09,Áno
2020450892,2,Lucia Prekladová - LINGUA,20260202221,2/2/2026,"1,325.07",EUR,1,1325.07,2/6/2026,265.01,1,265.01,0,Áno
2020450892,2,Lucia Prekladová - LINGUA,20260202221,2/2/2026,"1,325.07",EUR,1,1325.07,2/18/2026,265.01,1,265.01,0,Áno
2020450703,1,KROS a.s.,2026020004,2/3/2026,911.39,EUR,1,911.39,2/8/2026,-911.39,1,-911.39,0,Áno
2020450895,1,KROS a.s.,2026020005,2/3/2026,"1,340.90",EUR,1,1340.9,2/10/2026,"-1,340.90",1,-1340.9,0,Áno
2020450991,1,KROS a.s.,2026020006,2/3/2026,"1,526.74",EUR,1,1526.74,2/9/2026,"-1,526.74",1,-1526.74,0,Áno
2020450701,1,Lucia Prekladová - LINGUA,20260203030,2/3/2026,"1,453.49",EUR,1,1453.49,2/6/2026,"1,453.49",1,1453.49,0,Áno
2020450989,1,Lucia Prekladová - LINGUA,20260203030,2/3/2026,635.85,EUR,1,635.85,2/8/2026,635.85,1,635.85,0,Áno
2020450990,1,Flux a.s.,20260203031,2/3/2026,234.77,EUR,1,234.77,2/12/2026,234.77,1,234.77,0,Áno
2020450893,1,Ing. Pavol Vnuk - NORPAL,20260203222,2/3/2026,343.63,EUR,1,343.63,2/9/2026,343.63,1,343.63,0,Áno
2020450894,1,Lucia Prekladová - LINGUA,20260203223,2/3/2026,909.43,EUR,1,909.43,2/6/2026,909.43,1,909.43,0,Áno
2020450646,1,Lucia Prekladová - LINGUA,20260039,2/4/2026,450.00,EUR,1,450,2/16/2026,450.00,1,450,0,Áno
2020450647,1,Jana Tvorivá - Creative Studio,20260040,2/4/2026,350.00,EUR,1,350,2/17/2026,350.00,1,350,0,Áno
2020450992,1,Lucia Prekladová - LINGUA,20260204033,2/4/2026,"1,020.10",EUR,1,1020.1,2/7/2026,"1,020.10",1,1020.1,0,Áno
2020450704,1,Lucia Prekladová - LINGUA,20260204033,2/4/2026,"1,435.08",EUR,1,1435.08,2/10/2026,"1,435.08",1,1435.08,0,Áno
2020450993,1,Jana Tvorivá - Creative Studio,20260204034,2/4/2026,500.73,EUR,1,500.73,2/7/2026,500.73,1,500.73,0,Áno
2020450705,1,Ing. Pavol Vnuk - NORPAL,20260204034,2/4/2026,813.72,EUR,1,813.72,2/11/2026,813.72,1,813.72,0,Áno
2020450994,1,British Airways,20260204035,2/4/2026,"1,440.03",GBP,0.8616,1671.34,3/8/2026,"1,440.03",0.8669,1661.07,-10.28,Áno
2020450896,2,Ing. Pavol Vnuk - NORPAL,20260204225,2/4/2026,"1,527.22",EUR,1,1527.22,2/7/2026,763.61,1,763.61,0,Áno
2020450896,2,Ing. Pavol Vnuk - NORPAL,20260204225,2/4/2026,"1,527.22",EUR,1,1527.22,2/13/2026,763.61,1,763.61,0,Áno
2020450897,1,Jana Tvorivá - Creative Studio,20260204226,2/4/2026,682.01,EUR,1,682.01,2/17/2026,682.01,1,682.01,0,Áno
2020450898,1,British Airways,20260204227,2/4/2026,"1,126.29",GBP,0.8616,1307.21,2/9/2026,"1,126.29",0.8701,1294.44,-12.77,Áno
2020450707,2,KROS a.s.,2026020007,2/5/2026,175.46,EUR,1,175.46,2/10/2026,-35.09,1,-35.09,0,Áno
2020450707,2,KROS a.s.,2026020007,2/5/2026,175.46,EUR,1,175.46,2/16/2026,-35.09,1,-35.09,0,Áno
2020450995,1,Alza.cz a.s.,20260205036,2/5/2026,"1,166.54",CZK,24.31,47.99,3/12/2026,"1,166.54",24.406,47.8,-0.19,Áno
2020450708,1,Flux a.s.,20260205037,2/5/2026,444.05,EUR,1,444.05,2/12/2026,444.05,1,444.05,0,Áno
2020450996,1,Ing. Pavol Vnuk - NORPAL,20260205037,2/5/2026,410.66,EUR,1,410.66,2/18/2026,410.66,1,410.66,0,Áno
2020450997,1,Ing. Pavol Vnuk - NORPAL,20260205038,2/5/2026,706.66,EUR,1,706.66,2/6/2026,706.66,1,706.66,0,Áno
2020450709,1,Jana Tvorivá - Creative Studio,20260205038,2/5/2026,585.33,EUR,1,585.33,2/18/2026,585.33,1,585.33,0,Áno
2020450899,2,Alza.cz a.s.,20260205228,2/5/2026,335.07,CZK,24.31,13.78,2/27/2026,167.54,24.244,6.91,0.02,Áno
2020450899,2,Alza.cz a.s.,20260205228,2/5/2026,335.07,CZK,24.31,13.78,3/16/2026,167.53,24.436,6.86,-0.04,Áno
2020450900,2,Lucia Prekladová - LINGUA,20260205229,2/5/2026,357.11,EUR,1,357.11,2/7/2026,71.42,1,71.42,0,Áno
2020450900,2,Lucia Prekladová - LINGUA,20260205229,2/5/2026,357.11,EUR,1,357.11,2/21/2026,71.42,1,71.42,0,Áno
2020450901,1,Flux a.s.,20260205230,2/5/2026,"1,091.92",EUR,1,1091.92,2/11/2026,"1,091.92",1,1091.92,0,Áno
2020450648,1,Flux a.s.,20260041,2/6/2026,"1,800.00",EUR,1,1800,2/19/2026,"1,800.00",1,1800,0,Áno
2020450649,1,British Airways,20260042,2/6/2026,750.00,GBP,0.8679,864.15,2/10/2026,750.00,0.8695,862.56,-1.59,Áno
2020450711,2,KROS a.s.,2026020008,2/6/2026,604.20,EUR,1,604.2,2/12/2026,-302.10,1,-302.1,0,Áno
2020450711,2,KROS a.s.,2026020008,2/6/2026,604.20,EUR,1,604.2,2/25/2026,-302.10,1,-302.1,0,Áno
2020450903,2,KROS a.s.,2026020009,2/6/2026,"1,466.57",EUR,1,1466.57,2/11/2026,-293.31,1,-293.31,0,Áno
2020450903,2,KROS a.s.,2026020009,2/6/2026,"1,466.57",EUR,1,1466.57,2/19/2026,-293.31,1,-293.31,0,Áno
2020450999,2,KROS a.s.,2026020010,2/6/2026,775.70,EUR,1,775.7,2/9/2026,-155.14,1,-155.14,0,Áno
2020450999,2,KROS a.s.,2026020010,2/6/2026,775.70,EUR,1,775.7,2/21/2026,-155.14,1,-155.14,0,Áno
2020450710,1,Flux a.s.,20260206039,2/6/2026,122.82,EUR,1,122.82,2/11/2026,122.82,1,122.82,0,Áno
2020450998,1,Ing. Pavol Vnuk - NORPAL,20260206039,2/6/2026,511.67,EUR,1,511.67,2/17/2026,511.67,1,511.67,0,Áno
2020450712,1,Jana Tvorivá - Creative Studio,20260206041,2/6/2026,981.88,EUR,1,981.88,2/12/2026,981.88,1,981.88,0,Áno
2020450902,1,Lucia Prekladová - LINGUA,20260206231,2/6/2026,"1,283.75",EUR,1,1283.75,2/20/2026,"1,283.75",1,1283.75,0,Áno
2020450904,1,British Airways,20260206233,2/6/2026,469.77,GBP,0.8679,541.27,2/13/2026,469.77,0.8716,538.97,-2.3,Áno
2020450715,1,KROS a.s.,2026020011,2/9/2026,"1,588.96",EUR,1,1588.96,2/14/2026,"-1,588.96",1,-1588.96,0,Áno
2020450713,1,Ing. Pavol Vnuk - NORPAL,20260209042,2/9/2026,"1,038.57",EUR,1,1038.57,2/12/2026,"1,038.57",1,1038.57,0,Áno
2020451001,1,Lucia Prekladová - LINGUA,20260209042,2/9/2026,773.91,EUR,1,773.91,2/13/2026,773.91,1,773.91,0,Áno
2020451002,1,Jana Tvorivá - Creative Studio,20260209043,2/9/2026,632.07,EUR,1,632.07,2/11/2026,632.07,1,632.07,0,Áno
2020450714,1,British Airways,20260209043,2/9/2026,717.10,GBP,0.8701,824.16,2/16/2026,717.10,0.869,825.2,1.04,Áno
2020451003,2,Alza.cz a.s.,20260209044,2/9/2026,495.57,CZK,24.217,20.46,3/1/2026,99.11,24.244,4.09,0,Áno
2020451003,2,Alza.cz a.s.,20260209044,2/9/2026,495.57,CZK,24.217,20.46,3/30/2026,99.11,24.555,4.04,-0.06,Áno
2020450905,1,British Airways,20260209234,2/9/2026,"1,468.62",GBP,0.8701,1687.87,2/10/2026,"1,468.62",0.8695,1689.04,1.16,Áno
2020450906,1,Ing. Pavol Vnuk - NORPAL,20260209235,2/9/2026,439.18,EUR,1,439.18,2/14/2026,439.18,1,439.18,0,Áno
2020450907,1,Alza.cz a.s.,20260209236,2/9/2026,751.74,CZK,24.217,31.04,3/23/2026,751.74,24.438,30.76,-0.28,Áno
2020450650,1,Ing. Pavol Vnuk - NORPAL,20260043,2/10/2026,"1,200.00",EUR,1,1200,2/11/2026,"1,200.00",1,1200,0,Áno
2020450717,1,Lucia Prekladová - LINGUA,20260210046,2/10/2026,873.39,EUR,1,873.39,2/17/2026,873.39,1,873.39,0,Áno
2020451006,1,British Airways,20260210047,2/10/2026,"1,350.80",GBP,0.8695,1553.54,2/24/2026,"1,350.80",0.8731,1547.13,-6.41,Áno
2020450908,1,Lucia Prekladová - LINGUA,20260210237,2/10/2026,512.41,EUR,1,512.41,2/15/2026,512.41,1,512.41,0,Áno
2020450909,1,Ing. Pavol Vnuk - NORPAL,20260210238,2/10/2026,137.06,EUR,1,137.06,2/17/2026,137.06,1,137.06,0,Áno
2020450910,1,Jana Tvorivá - Creative Studio,20260210239,2/10/2026,"1,517.16",EUR,1,1517.16,2/14/2026,"1,517.16",1,1517.16,0,Áno
2020450651,1,Alza.cz a.s.,2102026,2/10/2026,"3,300.00",CZK,24.257,136.04,2/18/2026,"3,300.00",24.256,136.05,0.01,Áno
2020450719,2,KROS a.s.,2026020012,2/11/2026,"1,325.79",EUR,1,1325.79,2/14/2026,-662.90,1,-662.9,0,Áno
2020450719,2,KROS a.s.,2026020012,2/11/2026,"1,325.79",EUR,1,1325.79,2/26/2026,-662.89,1,-662.89,0,Áno
2020450911,2,KROS a.s.,2026020013,2/11/2026,511.64,EUR,1,511.64,2/17/2026,-102.33,1,-102.33,0,Áno
2020450911,2,KROS a.s.,2026020013,2/11/2026,511.64,EUR,1,511.64,2/22/2026,-102.33,1,-102.33,0,Áno
2020451007,1,Alza.cz a.s.,20260211048,2/11/2026,772.19,CZK,24.245,31.85,2/14/2026,772.19,24.263,31.83,-0.02,Áno
2020451008,1,Flux a.s.,20260211049,2/11/2026,539.68,EUR,1,539.68,2/22/2026,539.68,1,539.68,0,Áno
2020451009,1,Lucia Prekladová - LINGUA,20260211050,2/11/2026,471.87,EUR,1,471.87,2/19/2026,471.87,1,471.87,0,Áno
2020450721,1,Ing. Pavol Vnuk - NORPAL,20260211050,2/11/2026,969.43,EUR,1,969.43,2/20/2026,969.43,1,969.43,0,Áno
2020450912,2,British Airways,20260211241,2/11/2026,374.44,GBP,0.8699,430.44,3/16/2026,74.89,0.8641,86.67,0.58,Áno
2020450912,2,British Airways,20260211241,2/11/2026,374.44,GBP,0.8699,430.44,4/1/2026,74.89,0.8711,85.97,-0.12,Áno
2020450913,2,Ing. Pavol Vnuk - NORPAL,20260211242,2/11/2026,601.88,EUR,1,601.88,2/15/2026,120.38,1,120.38,0,Áno
2020450913,2,Ing. Pavol Vnuk - NORPAL,20260211242,2/11/2026,601.88,EUR,1,601.88,3/1/2026,120.38,1,120.38,0,Áno
2020450915,1,KROS a.s.,2026020014,2/12/2026,"1,122.00",EUR,1,1122,2/20/2026,"-1,122.00",1,-1122,0,Áno
2020450722,1,Jana Tvorivá - Creative Studio,20260212051,2/12/2026,"1,515.81",EUR,1,1515.81,2/25/2026,"1,515.81",1,1515.81,0,Áno
2020450723,1,Alza.cz a.s.,20260212052,2/12/2026,565.41,CZK,24.245,23.32,3/21/2026,565.41,24.505,23.07,-0.25,Áno
2020450724,1,Jana Tvorivá - Creative Studio,20260212053,2/12/2026,"1,451.64",EUR,1,1451.64,2/26/2026,"1,451.64",1,1451.64,0,Áno
2020450914,2,Flux a.s.,20260212243,2/12/2026,"1,559.42",EUR,1,1559.42,2/15/2026,311.88,1,311.88,0,Áno
2020450914,2,Flux a.s.,20260212243,2/12/2026,"1,559.42",EUR,1,1559.42,2/20/2026,311.88,1,311.88,0,Áno
2020450916,1,Flux a.s.,20260212245,2/12/2026,437.45,EUR,1,437.45,2/24/2026,437.45,1,437.45,0,Áno
2020450725,1,Jana Tvorivá - Creative Studio,20260213054,2/13/2026,636.03,EUR,1,636.03,2/18/2026,636.03,1,636.03,0,Áno
2020450726,1,Flux a.s.,20260213055,2/13/2026,420.92,EUR,1,420.92,2/22/2026,420.92,1,420.92,0,Áno
2020450727,2,Alza.cz a.s.,20260213056,2/13/2026,363.26,CZK,24.263,14.97,3/9/2026,181.63,24.399,7.44,-0.04,Áno
2020450727,2,Alza.cz a.s.,20260213056,2/13/2026,363.26,CZK,24.263,14.97,3/28/2026,181.63,24.542,7.4,-0.09,Áno
2020450917,1,Ing. Pavol Vnuk - NORPAL,20260213246,2/13/2026,297.41,EUR,1,297.41,2/25/2026,297.41,1,297.41,0,Áno
2020450918,1,British Airways,20260213247,2/13/2026,"1,474.91",GBP,0.8716,1692.19,3/29/2026,"1,474.91",0.8672,1700.77,8.59,Áno
2020450919,1,Alza.cz a.s.,20260213248,2/13/2026,263.23,CZK,24.263,10.85,2/27/2026,263.23,24.244,10.86,0.01,Áno
2020450728,1,Jana Tvorivá - Creative Studio,20260216057,2/16/2026,998.95,EUR,1,998.95,2/20/2026,998.95,1,998.95,0,Áno
2020450729,1,Lucia Prekladová - LINGUA,20260216058,2/16/2026,"1,362.18",EUR,1,1362.18,2/17/2026,"1,362.18",1,1362.18,0,Áno
2020450730,1,Flux a.s.,20260216059,2/16/2026,658.97,EUR,1,658.97,2/22/2026,658.97,1,658.97,0,Áno
2020450920,1,British Airways,20260216249,2/16/2026,825.22,GBP,0.869,949.62,2/23/2026,825.22,0.8734,944.84,-4.78,Áno
2020450921,1,British Airways,20260216250,2/16/2026,337.65,GBP,0.869,388.55,2/28/2026,337.65,0.8763,385.31,-3.24,Áno
2020450922,1,Jana Tvorivá - Creative Studio,20260216251,2/16/2026,789.74,EUR,1,789.74,2/21/2026,789.74,1,789.74,0,Áno
2020450731,1,KROS a.s.,2026020015,2/17/2026,"1,329.43",EUR,1,1329.43,2/28/2026,"-1,329.43",1,-1329.43,0,Áno
2020450923,1,KROS a.s.,2026020016,2/17/2026,"1,170.44",EUR,1,1170.44,2/28/2026,"-1,170.44",1,-1170.44,0,Áno
2020450732,1,Ing. Pavol Vnuk - NORPAL,20260217061,2/17/2026,608.09,EUR,1,608.09,3/2/2026,608.09,1,608.09,0,Áno
2020450733,2,British Airways,20260217062,2/17/2026,"1,566.61",GBP,0.8733,1793.9,3/23/2026,783.30,0.8642,906.39,9.44,Áno
2020450733,2,British Airways,20260217062,2/17/2026,"1,566.61",GBP,0.8733,1793.9,4/19/2026,783.31,0.8717,898.62,1.67,Áno
2020450924,2,Jana Tvorivá - Creative Studio,20260217253,2/17/2026,653.72,EUR,1,653.72,2/22/2026,130.74,1,130.74,0,Áno
2020450924,2,Jana Tvorivá - Creative Studio,20260217253,2/17/2026,653.72,EUR,1,653.72,3/3/2026,130.74,1,130.74,0,Áno
2020450925,1,British Airways,20260217254,2/17/2026,266.32,GBP,0.8733,304.96,3/19/2026,266.32,0.8639,308.28,3.33,Áno
2020450735,2,KROS a.s.,2026020017,2/18/2026,"1,378.73",EUR,1,1378.73,2/21/2026,-689.36,1,-689.36,0,Áno
2020450735,2,KROS a.s.,2026020017,2/18/2026,"1,378.73",EUR,1,1378.73,2/27/2026,-689.37,1,-689.37,0,Áno
2020450927,1,KROS a.s.,2026020018,2/18/2026,"1,383.43",EUR,1,1383.43,2/22/2026,"-1,383.43",1,-1383.43,0,Áno
2020450734,1,Flux a.s.,20260218063,2/18/2026,"1,498.27",EUR,1,1498.27,2/20/2026,"1,498.27",1,1498.27,0,Áno
2020450736,1,Jana Tvorivá - Creative Studio,20260218065,2/18/2026,"1,012.21",EUR,1,1012.21,2/27/2026,"1,012.21",1,1012.21,0,Áno
2020450926,1,Ing. Pavol Vnuk - NORPAL,20260218255,2/18/2026,"1,397.23",EUR,1,1397.23,2/27/2026,"1,397.23",1,1397.23,0,Áno
2020450928,1,Lucia Prekladová - LINGUA,20260218257,2/18/2026,281.10,EUR,1,281.1,2/25/2026,281.10,1,281.1,0,Áno
2020450931,2,KROS a.s.,2026020019,2/19/2026,996.69,EUR,1,996.69,2/21/2026,-199.34,1,-199.34,0,Áno
2020450931,2,KROS a.s.,2026020019,2/19/2026,996.69,EUR,1,996.69,3/1/2026,-199.34,1,-199.34,0,Áno
2020450737,1,British Airways,20260219066,2/19/2026,347.68,GBP,0.8738,397.89,3/2/2026,347.68,0.8739,397.85,-0.05,Áno
2020450738,1,Lucia Prekladová - LINGUA,20260219067,2/19/2026,824.32,EUR,1,824.32,3/2/2026,824.32,1,824.32,0,Áno
2020450739,1,Alza.cz a.s.,20260219068,2/19/2026,980.63,CZK,24.245,40.45,3/3/2026,980.63,24.378,40.23,-0.22,Áno
2020450929,1,Jana Tvorivá - Creative Studio,20260219258,2/19/2026,306.79,EUR,1,306.79,2/26/2026,306.79,1,306.79,0,Áno
2020450930,1,Lucia Prekladová - LINGUA,20260219259,2/19/2026,807.87,EUR,1,807.87,2/22/2026,807.87,1,807.87,0,Áno
2020450740,1,Ing. Pavol Vnuk - NORPAL,20260220069,2/20/2026,436.64,EUR,1,436.64,2/26/2026,436.64,1,436.64,0,Áno
2020450741,2,Lucia Prekladová - LINGUA,20260220070,2/20/2026,"1,233.48",EUR,1,1233.48,2/25/2026,246.70,1,246.7,0,Áno
2020450741,2,Lucia Prekladová - LINGUA,20260220070,2/20/2026,"1,233.48",EUR,1,1233.48,3/11/2026,246.70,1,246.7,0,Áno
2020450742,2,Flux a.s.,20260220071,2/20/2026,389.80,EUR,1,389.8,2/26/2026,194.90,1,194.9,0,Áno
2020450742,2,Flux a.s.,20260220071,2/20/2026,389.80,EUR,1,389.8,3/11/2026,194.90,1,194.9,0,Áno
2020450932,1,Lucia Prekladová - LINGUA,20260220261,2/20/2026,557.71,EUR,1,557.71,2/28/2026,557.71,1,557.71,0,Áno
2020450933,1,Ing. Pavol Vnuk - NORPAL,20260220262,2/20/2026,612.15,EUR,1,612.15,2/28/2026,612.15,1,612.15,0,Áno
2020450934,1,Flux a.s.,20260220263,2/20/2026,399.35,EUR,1,399.35,3/6/2026,399.35,1,399.35,0,Áno
2020450743,1,KROS a.s.,2026020020,2/23/2026,909.30,EUR,1,909.3,3/8/2026,-909.30,1,-909.3,0,Áno
2020450744,1,Flux a.s.,20260223073,2/23/2026,"1,348.92",EUR,1,1348.92,3/5/2026,"1,348.92",1,1348.92,0,Áno
2020450745,1,Flux a.s.,20260223074,2/23/2026,931.78,EUR,1,931.78,3/5/2026,931.78,1,931.78,0,Áno
2020450935,1,Alza.cz a.s.,20260223264,2/23/2026,409.37,CZK,24.223,16.9,3/27/2026,409.37,24.542,16.68,-0.22,Áno
2020450936,1,Jana Tvorivá - Creative Studio,20260223265,2/23/2026,576.06,EUR,1,576.06,2/24/2026,576.06,1,576.06,0,Áno
2020450937,1,Ing. Pavol Vnuk - NORPAL,20260223266,2/23/2026,515.15,EUR,1,515.15,3/2/2026,515.15,1,515.15,0,Áno
2020450746,2,Jana Tvorivá - Creative Studio,20260224075,2/24/2026,564.58,EUR,1,564.58,3/1/2026,112.92,1,112.92,0,Áno
2020450746,2,Jana Tvorivá - Creative Studio,20260224075,2/24/2026,564.58,EUR,1,564.58,3/7/2026,112.92,1,112.92,0,Áno
2020450747,1,Alza.cz a.s.,20260224076,2/24/2026,"1,493.61",CZK,24.225,61.66,3/7/2026,"1,493.61",24.419,61.17,-0.49,Áno
2020450748,1,Jana Tvorivá - Creative Studio,20260224077,2/24/2026,708.76,EUR,1,708.76,3/7/2026,708.76,1,708.76,0,Áno
2020450938,2,Lucia Prekladová - LINGUA,20260224267,2/24/2026,166.55,EUR,1,166.55,2/28/2026,83.28,1,83.28,0,Áno
2020450938,2,Lucia Prekladová - LINGUA,20260224267,2/24/2026,166.55,EUR,1,166.55,3/10/2026,83.27,1,83.27,0,Áno
2020450939,2,Alza.cz a.s.,20260224268,2/24/2026,"1,075.34",CZK,24.225,44.39,3/24/2026,537.67,24.477,21.97,-0.23,Áno
2020450939,2,Alza.cz a.s.,20260224268,2/24/2026,"1,075.34",CZK,24.225,44.39,4/17/2026,537.67,24.317,22.11,-0.08,Áno
2020450940,2,Lucia Prekladová - LINGUA,20260224269,2/24/2026,"1,420.89",EUR,1,1420.89,2/27/2026,710.44,1,710.44,0,Áno
2020450940,2,Lucia Prekladová - LINGUA,20260224269,2/24/2026,"1,420.89",EUR,1,1420.89,3/9/2026,710.45,1,710.45,0,Áno
2020450751,2,KROS a.s.,2026020021,2/25/2026,367.10,EUR,1,367.1,3/2/2026,-183.55,1,-183.55,0,Áno
2020450751,2,KROS a.s.,2026020021,2/25/2026,367.10,EUR,1,367.1,3/9/2026,-183.55,1,-183.55,0,Áno
2020450943,1,KROS a.s.,2026020022,2/25/2026,253.15,EUR,1,253.15,3/6/2026,-253.15,1,-253.15,0,Áno
2020450749,2,Ing. Pavol Vnuk - NORPAL,20260225078,2/25/2026,580.01,EUR,1,580.01,2/28/2026,116.00,1,116,0,Áno
2020450749,2,Ing. Pavol Vnuk - NORPAL,20260225078,2/25/2026,580.01,EUR,1,580.01,3/12/2026,116.00,1,116,0,Áno
2020450750,1,Ing. Pavol Vnuk - NORPAL,20260225079,2/25/2026,"1,085.74",EUR,1,1085.74,3/3/2026,"1,085.74",1,1085.74,0,Áno
2020450941,1,Jana Tvorivá - Creative Studio,20260225270,2/25/2026,778.26,EUR,1,778.26,3/6/2026,778.26,1,778.26,0,Áno
2020450942,1,Ing. Pavol Vnuk - NORPAL,20260225271,2/25/2026,971.51,EUR,1,971.51,3/5/2026,971.51,1,971.51,0,Áno
2020450752,1,Ing. Pavol Vnuk - NORPAL,20260226081,2/26/2026,"1,218.07",EUR,1,1218.07,3/11/2026,"1,218.07",1,1218.07,0,Áno
2020450753,1,Jana Tvorivá - Creative Studio,20260226082,2/26/2026,495.33,EUR,1,495.33,3/2/2026,495.33,1,495.33,0,Áno
2020450754,1,Jana Tvorivá - Creative Studio,20260226083,2/26/2026,307.50,EUR,1,307.5,3/1/2026,307.50,1,307.5,0,Áno
2020450944,2,British Airways,20260226273,2/26/2026,919.09,GBP,0.8719,1054.12,3/26/2026,183.82,0.8652,212.47,1.64,Áno
2020450944,2,British Airways,20260226273,2/26/2026,919.09,GBP,0.8719,1054.12,4/16/2026,183.82,0.8699,211.3,0.48,Áno
2020450945,1,Ing. Pavol Vnuk - NORPAL,20260226274,2/26/2026,"1,343.60",EUR,1,1343.6,2/28/2026,"1,343.60",1,1343.6,0,Áno
2020450946,1,Ing. Pavol Vnuk - NORPAL,20260226275,2/26/2026,793.50,EUR,1,793.5,3/5/2026,793.50,1,793.5,0,Áno
2020450947,2,KROS a.s.,2026020023,2/27/2026,756.02,EUR,1,756.02,3/2/2026,-151.20,1,-151.2,0,Áno
2020450947,2,KROS a.s.,2026020023,2/27/2026,756.02,EUR,1,756.02,3/9/2026,-151.20,1,-151.2,0,Áno
2020450755,1,Alza.cz a.s.,20260227084,2/27/2026,717.99,CZK,24.244,29.62,3/10/2026,717.99,24.38,29.45,-0.17,Áno
2020450756,2,Flux a.s.,20260227085,2/27/2026,"1,570.94",EUR,1,1570.94,3/4/2026,785.47,1,785.47,0,Áno
2020450756,2,Flux a.s.,20260227085,2/27/2026,"1,570.94",EUR,1,1570.94,3/10/2026,785.47,1,785.47,0,Áno
2020450757,1,Ing. Pavol Vnuk - NORPAL,20260227086,2/27/2026,924.56,EUR,1,924.56,3/10/2026,924.56,1,924.56,0,Áno
2020450948,1,Ing. Pavol Vnuk - NORPAL,20260227277,2/27/2026,389.76,EUR,1,389.76,3/6/2026,389.76,1,389.76,0,Áno
2020450949,1,Ing. Pavol Vnuk - NORPAL,20260227278,2/27/2026,583.01,EUR,1,583.01,3/4/2026,583.01,1,583.01,0,Áno
2020450951,2,KROS a.s.,2026030001,3/2/2026,"1,201.88",EUR,1,1201.88,3/4/2026,-600.94,1,-600.94,0,Áno
2020450951,2,KROS a.s.,2026030001,3/2/2026,"1,201.88",EUR,1,1201.88,3/9/2026,-600.94,1,-600.94,0,Áno
2020450758,1,British Airways,20260302087,3/2/2026,451.32,GBP,0.8739,516.44,3/14/2026,451.32,0.865,521.74,5.3,Áno
2020450759,1,Alza.cz a.s.,20260302088,3/2/2026,"1,539.21",CZK,24.274,63.41,4/11/2026,"1,539.21",24.365,63.17,-0.24,Áno
2020450760,1,Lucia Prekladová - LINGUA,20260302089,3/2/2026,203.64,EUR,1,203.64,3/15/2026,203.64,1,203.64,0,Áno
2020450950,2,Lucia Prekladová - LINGUA,20260302279,3/2/2026,"1,478.94",EUR,1,1478.94,3/6/2026,295.79,1,295.79,0,Áno
2020450950,2,Lucia Prekladová - LINGUA,20260302279,3/2/2026,"1,478.94",EUR,1,1478.94,3/14/2026,295.79,1,295.79,0,Áno
2020450952,2,Ing. Pavol Vnuk - NORPAL,20260302281,3/2/2026,894.17,EUR,1,894.17,3/6/2026,447.08,1,447.08,0,Áno
2020450952,2,Ing. Pavol Vnuk - NORPAL,20260302281,3/2/2026,894.17,EUR,1,894.17,3/19/2026,447.09,1,447.09,0,Áno
2020450652,1,Jana Tvorivá - Creative Studio,20260044,3/3/2026,400.00,EUR,1,400,3/7/2026,400.00,1,400,0,Áno
2020450654,1,British Airways,20260045,3/3/2026,"1,500.00",GBP,0.8717,1720.78,3/8/2026,"1,500.00",0.8669,1730.24,9.47,Áno
2020450653,1,KROS a.s.,2026030002,3/3/2026,120.00,EUR,1,120,3/5/2026,-120.00,1,-120,0,Áno
2020450955,1,KROS a.s.,2026030003,3/3/2026,"1,263.33",EUR,1,1263.33,3/12/2026,"-1,263.33",1,-1263.33,0,Áno
2020450761,1,Lucia Prekladová - LINGUA,20260303090,3/3/2026,"1,294.21",EUR,1,1294.21,3/5/2026,"1,294.21",1,1294.21,0,Áno
2020450762,1,Jana Tvorivá - Creative Studio,20260303091,3/3/2026,855.81,EUR,1,855.81,3/6/2026,855.81,1,855.81,0,Áno
2020450763,1,Alza.cz a.s.,20260303092,3/3/2026,"1,378.37",CZK,24.378,56.54,3/27/2026,275.67,24.542,11.23,-0.08,Áno
2020450953,2,Jana Tvorivá - Creative Studio,20260303282,3/3/2026,548.00,EUR,1,548,3/9/2026,274.00,1,274,0,Áno
2020450953,2,Jana Tvorivá - Creative Studio,20260303282,3/3/2026,548.00,EUR,1,548,3/14/2026,274.00,1,274,0,Áno
2020450954,1,Jana Tvorivá - Creative Studio,20260303283,3/3/2026,491.47,EUR,1,491.47,3/13/2026,491.47,1,491.47,0,Áno
2020450764,1,Flux a.s.,20260304093,3/4/2026,544.65,EUR,1,544.65,3/11/2026,544.65,1,544.65,0,Áno
2020450765,2,Jana Tvorivá - Creative Studio,20260304094,3/4/2026,960.49,EUR,1,960.49,3/10/2026,192.10,1,192.1,0,Áno
2020450765,2,Jana Tvorivá - Creative Studio,20260304094,3/4/2026,960.49,EUR,1,960.49,3/23/2026,192.10,1,192.1,0,Áno
2020450766,1,British Airways,20260304095,3/4/2026,226.79,GBP,0.8705,260.53,3/10/2026,226.79,0.8654,262.05,1.52,Áno
2020450956,1,Lucia Prekladová - LINGUA,20260304285,3/4/2026,985.79,EUR,1,985.79,3/6/2026,985.79,1,985.79,0,Áno
2020450957,1,Jana Tvorivá - Creative Studio,20260304286,3/4/2026,219.77,EUR,1,219.77,3/15/2026,219.77,1,219.77,0,Áno
2020450958,1,Flux a.s.,20260304287,3/4/2026,661.88,EUR,1,661.88,3/16/2026,661.88,1,661.88,0,Áno
2020450767,1,KROS a.s.,2026030004,3/5/2026,587.76,EUR,1,587.76,3/17/2026,-587.76,1,-587.76,0,Áno
2020450768,1,Flux a.s.,20260305097,3/5/2026,"1,264.62",EUR,1,1264.62,3/11/2026,"1,264.62",1,1264.62,0,Áno
2020450769,1,Jana Tvorivá - Creative Studio,20260305098,3/5/2026,"1,459.27",EUR,1,1459.27,3/17/2026,"1,459.27",1,1459.27,0,Áno
2020450771,2,KROS a.s.,2026030005,3/6/2026,574.37,EUR,1,574.37,3/9/2026,-287.18,1,-287.18,0,Áno
2020450771,2,KROS a.s.,2026030005,3/6/2026,574.37,EUR,1,574.37,3/18/2026,-287.19,1,-287.19,0,Áno
2020450770,1,Flux a.s.,20260306099,3/6/2026,387.25,EUR,1,387.25,3/18/2026,387.25,1,387.25,0,Áno
2020450772,1,British Airways,20260306101,3/6/2026,"1,526.40",GBP,0.8669,1760.7,3/11/2026,"1,526.40",0.8636,1767.42,6.73,Áno
2020450775,2,KROS a.s.,2026030006,3/9/2026,"1,549.86",EUR,1,1549.86,3/14/2026,-309.97,1,-309.97,0,Áno
2020450775,2,KROS a.s.,2026030006,3/9/2026,"1,549.86",EUR,1,1549.86,3/23/2026,-309.97,1,-309.97,0,Áno
2020450773,1,Lucia Prekladová - LINGUA,20260309102,3/9/2026,"1,256.15",EUR,1,1256.15,3/15/2026,"1,256.15",1,1256.15,0,Áno
2020450774,1,British Airways,20260309103,3/9/2026,"1,027.38",GBP,0.8653,1187.31,3/31/2026,513.69,0.8683,591.58,-2.07,Áno
2020450655,1,Ing. Pavol Vnuk - NORPAL,20260046,3/10/2026,"1,200.00",EUR,1,1200,3/22/2026,"1,200.00",1,1200,0,Áno
2020450656,1,Lucia Prekladová - LINGUA,20260047,3/10/2026,550.00,EUR,1,550,3/22/2026,550.00,1,550,0,Áno
2020450776,2,Ing. Pavol Vnuk - NORPAL,20260310105,3/10/2026,235.00,EUR,1,235,3/12/2026,117.50,1,117.5,0,Áno
2020450776,2,Ing. Pavol Vnuk - NORPAL,20260310105,3/10/2026,235.00,EUR,1,235,3/22/2026,117.50,1,117.5,0,Áno
2020450777,1,Flux a.s.,20260310106,3/10/2026,996.37,EUR,1,996.37,3/11/2026,996.37,1,996.37,0,Áno
2020450778,1,British Airways,20260310107,3/10/2026,454.54,GBP,0.8654,525.21,4/13/2026,454.54,0.8706,522.11,-3.09,Áno
2020450779,1,KROS a.s.,2026030007,3/11/2026,280.59,EUR,1,280.59,3/13/2026,-280.59,1,-280.59,0,Áno
2020450780,1,Lucia Prekladová - LINGUA,20260311109,3/11/2026,"1,287.65",EUR,1,1287.65,3/22/2026,"1,287.65",1,1287.65,0,Áno
2020450781,1,British Airways,20260311110,3/11/2026,"1,254.90",GBP,0.8636,1453.05,3/25/2026,"1,254.90",0.8656,1449.78,-3.27,Áno
2020450782,1,Flux a.s.,20260312111,3/12/2026,843.31,EUR,1,843.31,3/17/2026,843.31,1,843.31,0,Áno
2020450783,1,Alza.cz a.s.,20260312112,3/12/2026,"1,337.61",CZK,24.406,54.81,4/8/2026,267.52,24.38,10.97,0.01,Áno
2020450784,1,British Airways,20260312113,3/12/2026,823.76,GBP,0.8624,955.16,3/18/2026,823.76,0.8639,953.5,-1.66,Áno
2020450785,1,Jana Tvorivá - Creative Studio,20260313114,3/13/2026,286.37,EUR,1,286.37,3/24/2026,286.37,1,286.37,0,Áno
2020450786,1,Flux a.s.,20260313115,3/13/2026,"1,485.43",EUR,1,1485.43,3/26/2026,"1,485.43",1,1485.43,0,Áno
2020450787,1,Alza.cz a.s.,20260313116,3/13/2026,"1,346.64",CZK,24.437,55.11,3/15/2026,"1,346.64",24.437,55.11,0,Áno
2020450658,1,Flux a.s.,20260048,3/16/2026,"3,200.00",EUR,1,3200,3/18/2026,"3,200.00",1,3200,0,Áno
2020450659,2,KROS a.s.,2026030008,3/16/2026,45.90,EUR,1,45.9,3/22/2026,-9.18,1,-9.18,0,Áno
2020450659,2,KROS a.s.,2026030008,3/16/2026,45.90,EUR,1,45.9,3/30/2026,-9.18,1,-9.18,0,Áno
2020450788,1,Ing. Pavol Vnuk - NORPAL,20260316117,3/16/2026,"1,474.90",EUR,1,1474.9,3/25/2026,"1,474.90",1,1474.9,0,Áno
2020450789,2,Ing. Pavol Vnuk - NORPAL,20260316118,3/16/2026,775.11,EUR,1,775.11,3/20/2026,387.56,1,387.56,0,Áno
2020450789,2,Ing. Pavol Vnuk - NORPAL,20260316118,3/16/2026,775.11,EUR,1,775.11,3/26/2026,387.55,1,387.55,0,Áno
2020450790,1,British Airways,20260316119,3/16/2026,"1,039.83",GBP,0.8641,1203.4,3/26/2026,"1,039.83",0.8652,1201.91,-1.49,Áno
2020450657,1,Alza.cz a.s.,3162026,3/16/2026,"8,500.00",CZK,24.436,347.85,3/18/2026,"8,500.00",24.467,347.41,-0.44,Áno
2020450791,1,Alza.cz a.s.,20260317120,3/17/2026,238.12,CZK,24.437,9.74,3/18/2026,238.12,24.467,9.73,-0.01,Áno
2020450792,1,Ing. Pavol Vnuk - NORPAL,20260317121,3/17/2026,"1,114.87",EUR,1,1114.87,3/21/2026,"1,114.87",1,1114.87,0,Áno
2020450793,1,British Airways,20260317122,3/17/2026,"1,585.13",GBP,0.8643,1834,3/24/2026,"1,585.13",0.8654,1831.65,-2.35,Áno
2020450795,1,KROS a.s.,2026030009,3/18/2026,497.14,EUR,1,497.14,3/30/2026,-497.14,1,-497.14,0,Áno
2020450794,1,British Airways,20260318123,3/18/2026,"1,282.64",GBP,0.8639,1484.66,4/7/2026,641.32,0.8726,734.97,-7.36,Áno
2020450796,1,Flux a.s.,20260318125,3/18/2026,"1,109.63",EUR,1,1109.63,3/20/2026,"1,109.63",1,1109.63,0,Áno
2020450799,1,KROS a.s.,2026030010,3/19/2026,413.50,EUR,1,413.5,3/25/2026,-413.50,1,-413.5,0,Áno
2020450798,1,British Airways,20260319127,3/19/2026,357.17,GBP,0.8639,413.45,3/23/2026,357.17,0.8642,413.3,-0.15,Áno
2020450800,1,British Airways,20260320129,3/20/2026,"1,067.33",GBP,0.8644,1234.79,4/3/2026,"1,067.33",0.8725,1223.26,-11.53,Áno
2020450801,2,Jana Tvorivá - Creative Studio,20260320130,3/20/2026,"1,523.50",EUR,1,1523.5,3/23/2026,304.70,1,304.7,0,Áno
2020450801,2,Jana Tvorivá - Creative Studio,20260320130,3/20/2026,"1,523.50",EUR,1,1523.5,3/31/2026,304.70,1,304.7,0,Áno
2020450802,1,Lucia Prekladová - LINGUA,20260320131,3/20/2026,"1,023.91",EUR,1,1023.91,4/1/2026,"1,023.91",1,1023.91,0,Áno
2020450803,1,KROS a.s.,2026030011,3/23/2026,831.68,EUR,1,831.68,4/6/2026,-831.68,1,-831.68,0,Áno
2020450804,1,Flux a.s.,20260323133,3/23/2026,"1,088.32",EUR,1,1088.32,3/25/2026,"1,088.32",1,1088.32,0,Áno
2020450805,1,Ing. Pavol Vnuk - NORPAL,20260323134,3/23/2026,"1,028.32",EUR,1,1028.32,3/31/2026,"1,028.32",1,1028.32,0,Áno
2020450807,1,KROS a.s.,2026030012,3/24/2026,"1,400.86",EUR,1,1400.86,4/4/2026,"-1,400.86",1,-1400.86,0,Áno
2020450806,1,Flux a.s.,20260324135,3/24/2026,910.56,EUR,1,910.56,4/7/2026,910.56,1,910.56,0,Áno
2020450808,1,British Airways,20260324137,3/24/2026,"1,015.13",GBP,0.8654,1173,4/7/2026,"1,015.13",0.8726,1163.37,-9.64,Áno
2020450809,1,Jana Tvorivá - Creative Studio,20260325138,3/25/2026,107.35,EUR,1,107.35,4/5/2026,107.35,1,107.35,0,Áno
2020450810,1,Ing. Pavol Vnuk - NORPAL,20260325139,3/25/2026,761.98,EUR,1,761.98,3/31/2026,761.98,1,761.98,0,Áno
2020450811,1,Alza.cz a.s.,20260325140,3/25/2026,"1,324.89",CZK,24.437,54.22,4/4/2026,"1,324.89",24.54,53.99,-0.23,Áno
2020450812,1,British Airways,20260326141,3/26/2026,"1,182.46",GBP,0.8652,1366.77,4/3/2026,"1,182.46",0.8725,1355.21,-11.56,Áno
2020450813,1,Flux a.s.,20260326142,3/26/2026,273.05,EUR,1,273.05,3/31/2026,273.05,1,273.05,0,Áno
2020450814,1,Lucia Prekladová - LINGUA,20260326143,3/26/2026,690.24,EUR,1,690.24,4/5/2026,690.24,1,690.24,0,Áno
2020450817,1,Ing. Pavol Vnuk - NORPAL,20260327146,3/27/2026,717.54,EUR,1,717.54,4/8/2026,717.54,1,717.54,0,Nie (Manuálne)
2020450818,1,Jana Tvorivá - Creative Studio,20260330147,3/30/2026,924.58,EUR,1,924.58,4/7/2026,924.58,1,924.58,0,Áno
2020450821,1,Jana Tvorivá - Creative Studio,20260331150,3/31/2026,562.67,EUR,1,562.67,4/9/2026,562.67,1,562.67,0,Nie (Manuálne)
2020450822,1,Jana Tvorivá - Creative Studio,20260331151,3/31/2026,"1,061.44",EUR,1,1061.44,4/2/2026,"1,061.44",1,1061.44,0,Áno
2020450823,1,Alza.cz a.s.,20260331152,3/31/2026,"1,334.97",CZK,24.514,54.46,4/5/2026,"1,334.97",24.54,54.4,-0.06,Áno
2020450825,1,Lucia Prekladová - LINGUA,20260401154,4/1/2026,"1,109.93",EUR,1,1109.93,4/15/2026,"1,109.93",1,1109.93,0,Nie (Manuálne)
2020450826,1,Lucia Prekladová - LINGUA,20260401155,4/1/2026,814.44,EUR,1,814.44,4/9/2026,814.44,1,814.44,0,Nie (Manuálne)
2020450660,2,Ing. Pavol Vnuk - NORPAL,20260049,4/2/2026,"1,200.00",EUR,1,1200,4/8/2026,600.00,1,600,0,Áno
2020450660,2,Ing. Pavol Vnuk - NORPAL,20260049,4/2/2026,"1,200.00",EUR,1,1200,4/19/2026,600.00,1,600,0,Áno
2020450662,1,British Airways,20260051,4/2/2026,850.00,GBP,0.8725,974.18,4/4/2026,850.00,0.8725,974.18,0,Áno
2020450828,1,Flux a.s.,20260402157,4/2/2026,"1,178.03",EUR,1,1178.03,4/7/2026,"1,178.03",1,1178.03,0,Nie (Manuálne)
2020450829,2,Flux a.s.,20260402158,4/2/2026,590.53,EUR,1,590.53,4/4/2026,295.26,1,295.26,0,Áno
2020450829,2,Flux a.s.,20260402158,4/2/2026,590.53,EUR,1,590.53,4/13/2026,295.27,1,295.27,0,Áno
2020450830,1,Flux a.s.,20260403159,4/3/2026,764.40,EUR,1,764.4,4/10/2026,764.40,1,764.4,0,Áno
2020450831,1,Alza.cz a.s.,20260403160,4/3/2026,"1,230.93",CZK,24.54,50.16,4/5/2026,"1,230.93",24.54,50.16,0,Áno
2020450832,1,Jana Tvorivá - Creative Studio,20260403161,4/3/2026,795.34,EUR,1,795.34,4/11/2026,795.34,1,795.34,0,Nie (Manuálne)
2020450833,1,Lucia Prekladová - LINGUA,20260406162,4/6/2026,915.37,EUR,1,915.37,4/14/2026,915.37,1,915.37,0,Nie (Manuálne)
2020450834,1,Jana Tvorivá - Creative Studio,20260406163,4/6/2026,109.31,EUR,1,109.31,4/14/2026,109.31,1,109.31,0,Nie (Manuálne)
2020450835,1,Alza.cz a.s.,20260406164,4/6/2026,627.57,CZK,24.54,25.57,4/17/2026,627.57,24.317,25.81,0.23,Áno
2020450838,1,Jana Tvorivá - Creative Studio,20260407167,4/7/2026,414.35,EUR,1,414.35,4/14/2026,414.35,1,414.35,0,Áno
2020450664,1,KROS a.s.,2026040002,4/8/2026,120.00,EUR,1,120,4/21/2026,-120.00,1,-120,0,Nie (Manuálne)
2020450840,1,Jana Tvorivá - Creative Studio,20260408169,4/8/2026,"1,064.30",EUR,1,1064.3,4/11/2026,532.15,1,532.15,0,Áno
2020450663,1,Alza.cz a.s.,4082026,4/8/2026,"2,100.00",CZK,24.38,86.14,4/17/2026,"2,100.00",24.317,86.36,0.22,Nie (Manuálne)
2020450842,2,Lucia Prekladová - LINGUA,20260409171,4/9/2026,361.90,EUR,1,361.9,4/13/2026,72.38,1,72.38,0,Áno
2020450842,2,Lucia Prekladová - LINGUA,20260409171,4/9/2026,361.90,EUR,1,361.9,4/18/2026,72.38,1,72.38,0,Áno
2020450844,1,Lucia Prekladová - LINGUA,20260409173,4/9/2026,768.19,EUR,1,768.19,4/19/2026,768.19,1,768.19,0,Nie (Manuálne)
2020450845,1,British Airways,20260410174,4/10/2026,"1,009.46",GBP,0.871,1158.9,4/12/2026,"1,009.46",0.871,1158.9,0,Áno
2020450847,1,Alza.cz a.s.,20260410176,4/10/2026,"1,566.23",CZK,24.365,64.28,4/22/2026,"1,566.23",24.347,64.33,0.05,Nie (Manuálne)
2020450848,1,Jana Tvorivá - Creative Studio,20260413177,4/13/2026,"1,123.51",EUR,1,1123.51,4/17/2026,561.76,1,561.76,0,Áno
2020450666,1,Ing. Pavol Vnuk - NORPAL,20260053,4/14/2026,"1,200.00",EUR,1,1200,4/17/2026,"1,200.00",1,1200,0,Áno
2020450667,1,Flux a.s.,20260054,4/14/2026,"2,100.00",EUR,1,2100,4/21/2026,"2,100.00",1,2100,0,Nie (Manuálne)
2020450851,1,KROS a.s.,2026040003,4/14/2026,"1,032.17",EUR,1,1032.17,4/22/2026,"-1,032.17",1,-1032.17,0,Nie (Manuálne)
2020450855,1,KROS a.s.,2026040004,4/15/2026,704.77,EUR,1,704.77,4/21/2026,-140.95,1,-140.95,0,Áno
2020450856,1,Flux a.s.,20260415185,4/15/2026,556.96,EUR,1,556.96,4/16/2026,556.96,1,556.96,0,Áno
2020450858,1,Ing. Pavol Vnuk - NORPAL,20260416187,4/16/2026,"1,326.23",EUR,1,1326.23,4/17/2026,"1,326.23",1,1326.23,0,Áno
2020450668,1,Jana Tvorivá - Creative Studio,20260055,4/17/2026,350.00,EUR,1,350,4/21/2026,350.00,1,350,0,Nie (Manuálne)
2020450860,1,Jana Tvorivá - Creative Studio,20260417189,4/17/2026,"1,124.84",EUR,1,1124.84,4/19/2026,"1,124.84",1,1124.84,0,Nie (Manuálne)
