time,currency,rate
1/5/2026,AUD,1.7492
1/5/2026,BRL,6.347
1/5/2026,CAD,1.6087
1/5/2026,CNY,8.1478
1/5/2026,CZK,24.195
1/5/2026,DKK,7.4695
1/5/2026,GBP,0.8676
1/5/2026,HKD,9.0822
1/5/2026,HUF,384.55
1/5/2026,CHF,0.9289
1/5/2026,IDR,19524.95
1/5/2026,ILS,3.685
1/5/2026,INR,105.316
1/5/2026,ISK,147.4
1/5/2026,JPY,182.93
1/5/2026,KRW,1690.44
1/5/2026,MXN,21.0067
1/5/2026,MYR,4.7502
1/5/2026,NOK,11.7795
1/5/2026,NZD,2.0296
1/5/2026,PHP,68.91
1/5/2026,PLN,4.2178
1/5/2026,RON,5.0875
1/5/2026,SEK,10.787
1/5/2026,SGD,1.5018
1/5/2026,THB,36.596
1/5/2026,TRY,50.2042
1/5/2026,USD,1.1664
1/5/2026,ZAR,19.2268
1/6/2026,AUD,1.7422
1/6/2026,BRL,6.3201
1/6/2026,CAD,1.6129
1/6/2026,CNY,8.1766
1/6/2026,CZK,24.195
1/6/2026,DKK,7.4727
1/6/2026,GBP,0.8663
1/6/2026,HKD,9.1172
1/6/2026,HUF,385.03
1/6/2026,CHF,0.9287
1/6/2026,IDR,19632.64
1/6/2026,ILS,3.7025
1/6/2026,INR,105.5405
1/6/2026,ISK,147.2
1/6/2026,JPY,183.14
1/6/2026,KRW,1695.93
1/6/2026,MXN,21.0227
1/6/2026,MYR,4.7378
1/6/2026,NOK,11.7285
1/6/2026,NZD,2.0232
1/6/2026,PHP,69.317
1/6/2026,PLN,4.2105
1/6/2026,RON,5.0891
1/6/2026,SEK,10.765
1/6/2026,SGD,1.4984
1/6/2026,THB,36.608
1/6/2026,TRY,50.3894
1/6/2026,USD,1.1707
1/6/2026,ZAR,19.1951
1/7/2026,AUD,1.7367
1/7/2026,BRL,6.2995
1/7/2026,CAD,1.6135
1/7/2026,CNY,8.1685
1/7/2026,CZK,24.29
1/7/2026,DKK,7.4725
1/7/2026,GBP,0.8664
1/7/2026,HKD,9.0976
1/7/2026,HUF,384.98
1/7/2026,CHF,0.9304
1/7/2026,IDR,19592.02
1/7/2026,ILS,3.7115
1/7/2026,INR,104.9835
1/7/2026,ISK,147.2
1/7/2026,JPY,182.91
1/7/2026,KRW,1691.47
1/7/2026,MXN,21.009
1/7/2026,MYR,4.7414
1/7/2026,NOK,11.7585
1/7/2026,NZD,2.02
1/7/2026,PHP,69.305
1/7/2026,PLN,4.2148
1/7/2026,RON,5.0885
1/7/2026,SEK,10.7365
1/7/2026,SGD,1.4972
1/7/2026,THB,36.606
1/7/2026,TRY,50.2911
1/7/2026,USD,1.1684
1/7/2026,ZAR,19.2252
1/8/2026,AUD,1.7433
1/8/2026,BRL,6.2811
1/8/2026,CAD,1.6183
1/8/2026,CNY,8.1513
1/8/2026,CZK,24.262
1/8/2026,DKK,7.472
1/8/2026,GBP,0.8687
1/8/2026,HKD,9.0981
1/8/2026,HUF,384.75
1/8/2026,CHF,0.9312
1/8/2026,IDR,19655.85
1/8/2026,ILS,3.7003
1/8/2026,INR,104.988
1/8/2026,ISK,147.2
1/8/2026,JPY,182.97
1/8/2026,KRW,1695.57
1/8/2026,MXN,20.9729
1/8/2026,MYR,4.743
1/8/2026,NOK,11.7935
1/8/2026,NZD,2.0313
1/8/2026,PHP,69.073
1/8/2026,PLN,4.2093
1/8/2026,RON,5.0883
1/8/2026,SEK,10.766
1/8/2026,SGD,1.4995
1/8/2026,THB,36.823
1/8/2026,TRY,50.2588
1/8/2026,USD,1.1675
1/8/2026,ZAR,19.2811
1/9/2026,AUD,1.7441
1/9/2026,BRL,6.2733
1/9/2026,CAD,1.6163
1/9/2026,CNY,8.1288
1/9/2026,CZK,24.337
1/9/2026,DKK,7.4724
1/9/2026,GBP,0.8677
1/9/2026,HKD,9.0763
1/9/2026,HUF,386.03
1/9/2026,CHF,0.9314
1/9/2026,IDR,19628.24
1/9/2026,ILS,3.6745
1/9/2026,INR,105.0335
1/9/2026,ISK,147.4
1/9/2026,JPY,183.52
1/9/2026,KRW,1699.55
1/9/2026,MXN,20.9879
1/9/2026,MYR,4.7424
1/9/2026,NOK,11.7765
1/9/2026,NZD,2.0339
1/9/2026,PHP,68.935
1/9/2026,PLN,4.2138
1/9/2026,RON,5.0902
1/9/2026,SEK,10.748
1/9/2026,SGD,1.4984
1/9/2026,THB,36.632
1/9/2026,TRY,50.1841
1/9/2026,USD,1.1642
1/9/2026,ZAR,19.2966
1/12/2026,AUD,1.7409
1/12/2026,BRL,6.2863
1/12/2026,CAD,1.6219
1/12/2026,CNY,8.1529
1/12/2026,CZK,24.288
1/12/2026,DKK,7.4722
1/12/2026,GBP,0.8674
1/12/2026,HKD,9.1156
1/12/2026,HUF,386.85
1/12/2026,CHF,0.9313
1/12/2026,IDR,19751.3
1/12/2026,ILS,3.6867
1/12/2026,INR,105.419
1/12/2026,ISK,147.2
1/12/2026,JPY,184.42
1/12/2026,KRW,1715.11
1/12/2026,MXN,20.932
1/12/2026,MYR,4.7499
1/12/2026,NOK,11.7445
1/12/2026,NZD,2.027
1/12/2026,PHP,69.38
1/12/2026,PLN,4.2093
1/12/2026,RON,5.0892
1/12/2026,SEK,10.7008
1/12/2026,SGD,1.5019
1/12/2026,THB,36.508
1/12/2026,TRY,50.4268
1/12/2026,USD,1.1692
1/12/2026,ZAR,19.1618
1/13/2026,AUD,1.7394
1/13/2026,BRL,6.2736
1/13/2026,CAD,1.6172
1/13/2026,CNY,8.1294
1/13/2026,CZK,24.253
1/13/2026,DKK,7.4726
1/13/2026,GBP,0.866
1/13/2026,HKD,9.0925
1/13/2026,HUF,386.75
1/13/2026,CHF,0.9311
1/13/2026,IDR,19652.84
1/13/2026,ILS,3.6721
1/13/2026,INR,105.1478
1/13/2026,ISK,146.6
1/13/2026,JPY,185.12
1/13/2026,KRW,1717.89
1/13/2026,MXN,20.8587
1/13/2026,MYR,4.7286
1/13/2026,NOK,11.756
1/13/2026,NZD,2.0231
1/13/2026,PHP,69.291
1/13/2026,PLN,4.2118
1/13/2026,RON,5.0895
1/13/2026,SEK,10.7135
1/13/2026,SGD,1.5006
1/13/2026,THB,36.681
1/13/2026,TRY,50.2941
1/13/2026,USD,1.1654
1/13/2026,ZAR,19.1755
1/15/2026,AUD,1.7382
1/15/2026,BRL,6.2557
1/15/2026,CAD,1.6162
1/15/2026,CNY,8.0988
1/15/2026,CZK,24.278
1/15/2026,DKK,7.4721
1/15/2026,GBP,0.8674
1/15/2026,HKD,9.0657
1/15/2026,HUF,385.65
1/15/2026,CHF,0.9314
1/15/2026,IDR,19640.96
1/15/2026,ILS,3.6686
1/15/2026,INR,104.9647
1/15/2026,ISK,146.2
1/15/2026,JPY,184.31
1/15/2026,KRW,1706.77
1/15/2026,MXN,20.6776
1/15/2026,MYR,4.715
1/15/2026,NOK,11.72
1/15/2026,NZD,2.0246
1/15/2026,PHP,69.182
1/15/2026,PLN,4.2093
1/15/2026,RON,5.0892
1/15/2026,SEK,10.6985
1/15/2026,SGD,1.4969
1/15/2026,THB,36.494
1/15/2026,TRY,50.2037
1/15/2026,USD,1.1624
1/15/2026,ZAR,19.0309
1/16/2026,AUD,1.7344
1/16/2026,BRL,6.2411
1/16/2026,CAD,1.6135
1/16/2026,CNY,8.0967
1/16/2026,CZK,24.286
1/16/2026,DKK,7.4712
1/16/2026,GBP,0.867
1/16/2026,HKD,9.0613
1/16/2026,HUF,385.33
1/16/2026,CHF,0.9313
1/16/2026,IDR,19653.76
1/16/2026,ILS,3.66
1/16/2026,INR,105.397
1/16/2026,ISK,146.4
1/16/2026,JPY,183.67
1/16/2026,KRW,1711.1
1/16/2026,MXN,20.5333
1/16/2026,MYR,4.7136
1/16/2026,NOK,11.7203
1/16/2026,NZD,2.0179
1/16/2026,PHP,68.995
1/16/2026,PLN,4.2248
1/16/2026,RON,5.0908
1/16/2026,SEK,10.719
1/16/2026,SGD,1.4962
1/16/2026,THB,36.535
1/16/2026,TRY,50.2784
1/16/2026,USD,1.1617
1/16/2026,ZAR,19.0382
1/20/2026,AUD,1.742
1/20/2026,BRL,6.3209
1/20/2026,CAD,1.6215
1/20/2026,CNY,8.1614
1/20/2026,CZK,24.333
1/20/2026,DKK,7.4708
1/20/2026,GBP,0.8722
1/20/2026,HKD,9.1456
1/20/2026,HUF,385.85
1/20/2026,CHF,0.9268
1/20/2026,IDR,19874.44
1/20/2026,ILS,3.7156
1/20/2026,INR,106.677
1/20/2026,ISK,146.2
1/20/2026,JPY,185.18
1/20/2026,KRW,1731.99
1/20/2026,MXN,20.6693
1/20/2026,MYR,4.7551
1/20/2026,NOK,11.7155
1/20/2026,NZD,2.0098
1/20/2026,PHP,69.527
1/20/2026,PLN,4.2273
1/20/2026,RON,5.0924
1/20/2026,SEK,10.708
1/20/2026,SGD,1.5045
1/20/2026,THB,36.456
1/20/2026,TRY,50.7505
1/20/2026,USD,1.1728
1/20/2026,ZAR,19.2821
1/21/2026,AUD,1.734
1/21/2026,BRL,6.2773
1/21/2026,CAD,1.6192
1/21/2026,CNY,8.1749
1/21/2026,CZK,24.356
1/21/2026,DKK,7.4705
1/21/2026,GBP,0.8744
1/21/2026,HKD,9.1532
1/21/2026,HUF,385.65
1/21/2026,CHF,0.9268
1/21/2026,IDR,19851.53
1/21/2026,ILS,3.7235
1/21/2026,INR,107.5775
1/21/2026,ISK,146.2
1/21/2026,JPY,185.23
1/21/2026,KRW,1719.32
1/21/2026,MXN,20.5175
1/21/2026,MYR,4.7508
1/21/2026,NOK,11.6365
1/21/2026,NZD,2.0019
1/21/2026,PHP,69.537
1/21/2026,PLN,4.2275
1/21/2026,RON,5.0947
1/21/2026,SEK,10.661
1/21/2026,SGD,1.5045
1/21/2026,THB,36.47
1/21/2026,TRY,50.8278
1/21/2026,USD,1.1739
1/21/2026,ZAR,19.147
1/22/2026,AUD,1.7197
1/22/2026,BRL,6.2218
1/22/2026,CAD,1.6171
1/22/2026,CNY,8.1658
1/22/2026,CZK,24.31
1/22/2026,DKK,7.4688
1/22/2026,GBP,0.8722
1/22/2026,HKD,9.1283
1/22/2026,HUF,382.7
1/22/2026,CHF,0.9283
1/22/2026,IDR,19753.87
1/22/2026,ILS,3.6754
1/22/2026,INR,107.216
1/22/2026,ISK,146
1/22/2026,JPY,185.88
1/22/2026,KRW,1718.11
1/22/2026,MXN,20.4678
1/22/2026,MYR,4.7292
1/22/2026,NOK,11.576
1/22/2026,NZD,1.991
1/22/2026,PHP,69.227
1/22/2026,PLN,4.2063
1/22/2026,RON,5.0923
1/22/2026,SEK,10.594
1/22/2026,SGD,1.5026
1/22/2026,THB,36.675
1/22/2026,TRY,50.6678
1/22/2026,USD,1.1706
1/22/2026,ZAR,18.9855
1/26/2026,AUD,1.7133
1/26/2026,BRL,6.2569
1/26/2026,CAD,1.623
1/26/2026,CNY,8.2312
1/26/2026,CZK,24.251
1/26/2026,DKK,7.4678
1/26/2026,GBP,0.8675
1/26/2026,HKD,9.2289
1/26/2026,HUF,381.85
1/26/2026,CHF,0.9223
1/26/2026,IDR,19857.61
1/26/2026,ILS,3.7118
1/26/2026,INR,108.6115
1/26/2026,ISK,145.4
1/26/2026,JPY,182.52
1/26/2026,KRW,1713.58
1/26/2026,MXN,20.5826
1/26/2026,MYR,4.6936
1/26/2026,NOK,11.6015
1/26/2026,NZD,1.9877
1/26/2026,PHP,70.017
1/26/2026,PLN,4.2085
1/26/2026,RON,5.0965
1/26/2026,SEK,10.6265
1/26/2026,SGD,1.5044
1/26/2026,THB,36.869
1/26/2026,TRY,51.3402
1/26/2026,USD,1.1836
1/26/2026,ZAR,19.0243
1/27/2026,AUD,1.7167
1/27/2026,BRL,6.2692
1/27/2026,CAD,1.6316
1/27/2026,CNY,8.2964
1/27/2026,CZK,24.267
1/27/2026,DKK,7.4677
1/27/2026,GBP,0.8683
1/27/2026,HKD,9.3046
1/27/2026,HUF,380.6
1/27/2026,CHF,0.9197
1/27/2026,IDR,19940
1/27/2026,ILS,3.7012
1/27/2026,INR,109.288
1/27/2026,ISK,145.2
1/27/2026,JPY,182.92
1/27/2026,KRW,1719.21
1/27/2026,MXN,20.6353
1/27/2026,MYR,4.7149
1/27/2026,NOK,11.567
1/27/2026,NZD,1.9907
1/27/2026,PHP,70.434
1/27/2026,PLN,4.2023
1/27/2026,RON,5.0965
1/27/2026,SEK,10.582
1/27/2026,SGD,1.5096
1/27/2026,THB,37.022
1/27/2026,TRY,51.7761
1/27/2026,USD,1.1929
1/27/2026,ZAR,19.0714
1/28/2026,AUD,1.7107
1/28/2026,BRL,6.1949
1/28/2026,CAD,1.6242
1/28/2026,CNY,8.3176
1/28/2026,CZK,24.294
1/28/2026,DKK,7.4666
1/28/2026,GBP,0.8685
1/28/2026,HKD,9.3415
1/28/2026,HUF,380.9
1/28/2026,CHF,0.9188
1/28/2026,IDR,20047
1/28/2026,ILS,3.7023
1/28/2026,INR,110.093
1/28/2026,ISK,145
1/28/2026,JPY,182.76
1/28/2026,KRW,1710.88
1/28/2026,MXN,20.5413
1/28/2026,MYR,4.6926
1/28/2026,NOK,11.523
1/28/2026,NZD,1.9859
1/28/2026,PHP,70.353
1/28/2026,PLN,4.2028
1/28/2026,RON,5.0965
1/28/2026,SEK,10.5885
1/28/2026,SGD,1.5108
1/28/2026,THB,37.251
1/28/2026,TRY,51.9846
1/28/2026,USD,1.1974
1/28/2026,ZAR,19.0178
1/29/2026,AUD,1.6935
1/29/2026,BRL,6.2011
1/29/2026,CAD,1.6186
1/29/2026,CNY,8.3132
1/29/2026,CZK,24.335
1/29/2026,DKK,7.4668
1/29/2026,GBP,0.8662
1/29/2026,HKD,9.3407
1/29/2026,HUF,380.73
1/29/2026,CHF,0.9182
1/29/2026,IDR,20085
1/29/2026,ILS,3.6831
1/29/2026,INR,110.007
1/29/2026,ISK,144.8
1/29/2026,JPY,183.48
1/29/2026,KRW,1712.42
1/29/2026,MXN,20.5261
1/29/2026,MYR,4.7004
1/29/2026,NOK,11.418
1/29/2026,NZD,1.9689
1/29/2026,PHP,70.606
1/29/2026,PLN,4.2033
1/29/2026,RON,5.0965
1/29/2026,SEK,10.5645
1/29/2026,SGD,1.5128
1/29/2026,THB,37.34
1/29/2026,TRY,51.9709
1/29/2026,USD,1.1968
1/29/2026,ZAR,18.7584
1/30/2026,AUD,1.7001
1/30/2026,BRL,6.2233
1/30/2026,CAD,1.612
1/30/2026,CNY,8.2834
1/30/2026,CZK,24.325
1/30/2026,DKK,7.4674
1/30/2026,GBP,0.8662
1/30/2026,HKD,9.3067
1/30/2026,HUF,380.7
1/30/2026,CHF,0.9157
1/30/2026,IDR,20010
1/30/2026,ILS,3.6799
1/30/2026,INR,109.5825
1/30/2026,ISK,145.2
1/30/2026,JPY,183.59
1/30/2026,KRW,1719.47
1/30/2026,MXN,20.5979
1/30/2026,MYR,4.7044
1/30/2026,NOK,11.3885
1/30/2026,NZD,1.966
1/30/2026,PHP,70.211
1/30/2026,PLN,4.2073
1/30/2026,RON,5.0964
1/30/2026,SEK,10.5205
1/30/2026,SGD,1.5111
1/30/2026,THB,37.455
1/30/2026,TRY,51.8324
1/30/2026,USD,1.1919
1/30/2026,ZAR,18.9906
2/2/2026,AUD,1.7042
2/2/2026,BRL,6.2222
2/2/2026,CAD,1.6157
2/2/2026,CNY,8.221
2/2/2026,CZK,24.305
2/2/2026,DKK,7.4691
2/2/2026,GBP,0.8658
2/2/2026,HKD,9.2484
2/2/2026,HUF,381.2
2/2/2026,CHF,0.9199
2/2/2026,IDR,19890
2/2/2026,ILS,3.6738
2/2/2026,INR,108.417
2/2/2026,ISK,145
2/2/2026,JPY,183.59
2/2/2026,KRW,1719.74
2/2/2026,MXN,20.6131
2/2/2026,MYR,4.6673
2/2/2026,NOK,11.4655
2/2/2026,NZD,1.9705
2/2/2026,PHP,69.754
2/2/2026,PLN,4.2173
2/2/2026,RON,5.096
2/2/2026,SEK,10.5935
2/2/2026,SGD,1.5055
2/2/2026,THB,37.432
2/2/2026,TRY,51.4941
2/2/2026,USD,1.184
2/2/2026,ZAR,18.9774
2/3/2026,AUD,1.683
2/3/2026,BRL,6.1685
2/3/2026,CAD,1.6116
2/3/2026,CNY,8.1877
2/3/2026,CZK,24.312
2/3/2026,DKK,7.4687
2/3/2026,GBP,0.8623
2/3/2026,HKD,9.2201
2/3/2026,HUF,380.4
2/3/2026,CHF,0.9173
2/3/2026,IDR,19790
2/3/2026,ILS,3.6419
2/3/2026,INR,106.371
2/3/2026,ISK,145
2/3/2026,JPY,183.92
2/3/2026,KRW,1709.44
2/3/2026,MXN,20.4245
2/3/2026,MYR,4.6407
2/3/2026,NOK,11.422
2/3/2026,NZD,1.9532
2/3/2026,PHP,69.732
2/3/2026,PLN,4.2205
2/3/2026,RON,5.0951
2/3/2026,SEK,10.5485
2/3/2026,SGD,1.4994
2/3/2026,THB,37.25
2/3/2026,TRY,51.3246
2/3/2026,USD,1.1801
2/3/2026,ZAR,18.8218
2/4/2026,AUD,1.6814
2/4/2026,BRL,6.1707
2/4/2026,CAD,1.6138
2/4/2026,CNY,8.2051
2/4/2026,CZK,24.357
2/4/2026,DKK,7.4673
2/4/2026,GBP,0.8616
2/4/2026,HKD,9.2334
2/4/2026,HUF,380.38
2/4/2026,CHF,0.9168
2/4/2026,IDR,19850
2/4/2026,ILS,3.6478
2/4/2026,INR,106.8698
2/4/2026,ISK,145
2/4/2026,JPY,185.15
2/4/2026,KRW,1720.7
2/4/2026,MXN,20.3808
2/4/2026,MYR,4.6476
2/4/2026,NOK,11.3995
2/4/2026,NZD,1.9602
2/4/2026,PHP,69.721
2/4/2026,PLN,4.2235
2/4/2026,RON,5.0949
2/4/2026,SEK,10.577
2/4/2026,SGD,1.5027
2/4/2026,THB,37.39
2/4/2026,TRY,51.4285
2/4/2026,USD,1.182
2/4/2026,ZAR,18.8381
2/5/2026,AUD,1.6922
2/5/2026,BRL,6.2059
2/5/2026,CAD,1.6144
2/5/2026,CNY,8.1869
2/5/2026,CZK,24.31
2/5/2026,DKK,7.4662
2/5/2026,GBP,0.8691
2/5/2026,HKD,9.2171
2/5/2026,HUF,379.65
2/5/2026,CHF,0.9161
2/5/2026,IDR,19900
2/5/2026,ILS,3.6752
2/5/2026,INR,106.546
2/5/2026,ISK,144.8
2/5/2026,JPY,185.11
2/5/2026,KRW,1728.58
2/5/2026,MXN,20.5112
2/5/2026,MYR,4.6567
2/5/2026,NOK,11.474
2/5/2026,NZD,1.9676
2/5/2026,PHP,69.299
2/5/2026,PLN,4.2205
2/5/2026,RON,5.0935
2/5/2026,SEK,10.641
2/5/2026,SGD,1.5021
2/5/2026,THB,37.488
2/5/2026,TRY,51.3684
2/5/2026,USD,1.1798
2/5/2026,ZAR,19.0889
2/6/2026,AUD,1.688
2/6/2026,BRL,6.1767
2/6/2026,CAD,1.6118
2/6/2026,CNY,8.1838
2/6/2026,CZK,24.24
2/6/2026,DKK,7.4672
2/6/2026,GBP,0.8679
2/6/2026,HKD,9.2152
2/6/2026,HUF,377.95
2/6/2026,CHF,0.9175
2/6/2026,IDR,19900
2/6/2026,ILS,3.6916
2/6/2026,INR,106.9265
2/6/2026,ISK,145.2
2/6/2026,JPY,185.27
2/6/2026,KRW,1730.68
2/6/2026,MXN,20.4787
2/6/2026,MYR,4.6557
2/6/2026,NOK,11.4695
2/6/2026,NZD,1.9673
2/6/2026,PHP,69.047
2/6/2026,PLN,4.2185
2/6/2026,RON,5.092
2/6/2026,SEK,10.6735
2/6/2026,SGD,1.5016
2/6/2026,THB,37.269
2/6/2026,TRY,51.4394
2/6/2026,USD,1.1794
2/6/2026,ZAR,19.017
2/9/2026,AUD,1.6843
2/9/2026,BRL,6.1725
2/9/2026,CAD,1.6174
2/9/2026,CNY,8.2281
2/9/2026,CZK,24.217
2/9/2026,DKK,7.4692
2/9/2026,GBP,0.8701
2/9/2026,HKD,9.2888
2/9/2026,HUF,377.08
2/9/2026,CHF,0.915
2/9/2026,IDR,20000
2/9/2026,ILS,3.6817
2/9/2026,INR,107.8375
2/9/2026,ISK,145
2/9/2026,JPY,185.65
2/9/2026,KRW,1737.79
2/9/2026,MXN,20.4582
2/9/2026,MYR,4.6765
2/9/2026,NOK,11.429
2/9/2026,NZD,1.9685
2/9/2026,PHP,69.516
2/9/2026,PLN,4.2118
2/9/2026,RON,5.0923
2/9/2026,SEK,10.6505
2/9/2026,SGD,1.5067
2/9/2026,THB,37.055
2/9/2026,TRY,51.8099
2/9/2026,USD,1.1886
2/9/2026,ZAR,18.9883
2/10/2026,AUD,1.683
2/10/2026,BRL,6.1929
2/10/2026,CAD,1.6141
2/10/2026,CNY,8.2245
2/10/2026,CZK,24.257
2/10/2026,DKK,7.4715
2/10/2026,GBP,0.8695
2/10/2026,HKD,9.2983
2/10/2026,HUF,377.95
2/10/2026,CHF,0.9123
2/10/2026,IDR,19966
2/10/2026,ILS,3.6704
2/10/2026,INR,107.6878
2/10/2026,ISK,145
2/10/2026,JPY,184.51
2/10/2026,KRW,1738.48
2/10/2026,MXN,20.4998
2/10/2026,MYR,4.6666
2/10/2026,NOK,11.3115
2/10/2026,NZD,1.9687
2/10/2026,PHP,69.605
2/10/2026,PLN,4.217
2/10/2026,RON,5.0912
2/10/2026,SEK,10.6135
2/10/2026,SGD,1.5061
2/10/2026,THB,37.151
2/10/2026,TRY,51.8989
2/10/2026,USD,1.1894
2/10/2026,ZAR,18.9797
2/11/2026,AUD,1.6737
2/11/2026,BRL,6.1753
2/11/2026,CAD,1.6138
2/11/2026,CNY,8.2245
2/11/2026,CZK,24.245
2/11/2026,DKK,7.4698
2/11/2026,GBP,0.8699
2/11/2026,HKD,9.3013
2/11/2026,HUF,379.03
2/11/2026,CHF,0.9136
2/11/2026,IDR,19992
2/11/2026,ILS,3.6604
2/11/2026,INR,107.9515
2/11/2026,ISK,145.2
2/11/2026,JPY,182.79
2/11/2026,KRW,1727.84
2/11/2026,MXN,20.4719
2/11/2026,MYR,4.6589
2/11/2026,NOK,11.265
2/11/2026,NZD,1.9637
2/11/2026,PHP,69.347
2/11/2026,PLN,4.2135
2/11/2026,RON,5.0912
2/11/2026,SEK,10.564
2/11/2026,SGD,1.5027
2/11/2026,THB,36.991
2/11/2026,TRY,51.9354
2/11/2026,USD,1.19
2/11/2026,ZAR,18.8989
2/12/2026,AUD,1.6678
2/12/2026,BRL,6.1461
2/12/2026,CAD,1.6128
2/12/2026,CNY,8.1944
2/12/2026,CZK,24.245
2/12/2026,DKK,7.4712
2/12/2026,GBP,0.8711
2/12/2026,HKD,9.2815
2/12/2026,HUF,379.88
2/12/2026,CHF,0.9142
2/12/2026,IDR,19983.94
2/12/2026,ILS,3.6355
2/12/2026,INR,107.565
2/12/2026,ISK,145.2
2/12/2026,JPY,182.52
2/12/2026,KRW,1707.82
2/12/2026,MXN,20.3934
2/12/2026,MYR,4.6338
2/12/2026,NOK,11.2535
2/12/2026,NZD,1.9588
2/12/2026,PHP,68.894
2/12/2026,PLN,4.2158
2/12/2026,RON,5.0928
2/12/2026,SEK,10.567
2/12/2026,SGD,1.4984
2/12/2026,THB,36.809
2/12/2026,TRY,51.8294
2/12/2026,USD,1.1874
2/12/2026,ZAR,18.874
2/13/2026,AUD,1.6824
2/13/2026,BRL,6.1916
2/13/2026,CAD,1.6161
2/13/2026,CNY,8.195
2/13/2026,CZK,24.263
2/13/2026,DKK,7.4709
2/13/2026,GBP,0.8716
2/13/2026,HKD,9.2725
2/13/2026,HUF,379.08
2/13/2026,CHF,0.9121
2/13/2026,IDR,19955.44
2/13/2026,ILS,3.6649
2/13/2026,INR,107.481
2/13/2026,ISK,145
2/13/2026,JPY,181.83
2/13/2026,KRW,1715.78
2/13/2026,MXN,20.4269
2/13/2026,MYR,4.6351
2/13/2026,NOK,11.326
2/13/2026,NZD,1.9693
2/13/2026,PHP,68.63
2/13/2026,PLN,4.215
2/13/2026,RON,5.0946
2/13/2026,SEK,10.6254
2/13/2026,SGD,1.4992
2/13/2026,THB,36.861
2/13/2026,TRY,51.8843
2/13/2026,USD,1.1862
2/13/2026,ZAR,19.019
2/16/2026,AUD,1.6731
2/16/2026,BRL,6.1935
2/16/2026,CAD,1.6155
2/16/2026,CNY,8.1902
2/16/2026,CZK,24.259
2/16/2026,DKK,7.4707
2/16/2026,GBP,0.869
2/16/2026,HKD,9.265
2/16/2026,HUF,377.13
2/16/2026,CHF,0.9129
2/16/2026,IDR,19938
2/16/2026,ILS,3.6594
2/16/2026,INR,107.5625
2/16/2026,ISK,145
2/16/2026,JPY,181.79
2/16/2026,KRW,1708.8
2/16/2026,MXN,20.3378
2/16/2026,MYR,4.6235
2/16/2026,NOK,11.2665
2/16/2026,NZD,1.9623
2/16/2026,PHP,68.722
2/16/2026,PLN,4.2105
2/16/2026,RON,5.0954
2/16/2026,SEK,10.6205
2/16/2026,SGD,1.4962
2/16/2026,THB,36.863
2/16/2026,TRY,51.8167
2/16/2026,USD,1.1855
2/16/2026,ZAR,18.9092
2/17/2026,AUD,1.6776
2/17/2026,BRL,6.1788
2/17/2026,CAD,1.6149
2/17/2026,CNY,8.1702
2/17/2026,CZK,24.276
2/17/2026,DKK,7.4706
2/17/2026,GBP,0.8733
2/17/2026,HKD,9.2428
2/17/2026,HUF,378.43
2/17/2026,CHF,0.9116
2/17/2026,IDR,19901.98
2/17/2026,ILS,3.672
2/17/2026,INR,107.2565
2/17/2026,ISK,145
2/17/2026,JPY,181.06
2/17/2026,KRW,1709.83
2/17/2026,MXN,20.3572
2/17/2026,MYR,4.6121
2/17/2026,NOK,11.2815
2/17/2026,NZD,1.9623
2/17/2026,PHP,68.395
2/17/2026,PLN,4.2138
2/17/2026,RON,5.0967
2/17/2026,SEK,10.648
2/17/2026,SGD,1.4946
2/17/2026,THB,37.021
2/17/2026,TRY,51.7114
2/17/2026,USD,1.1826
2/17/2026,ZAR,19.032
2/18/2026,AUD,1.6748
2/18/2026,BRL,6.1865
2/18/2026,CAD,1.6164
2/18/2026,CNY,8.1833
2/18/2026,CZK,24.256
2/18/2026,DKK,7.4714
2/18/2026,GBP,0.8724
2/18/2026,HKD,9.2565
2/18/2026,HUF,378.23
2/18/2026,CHF,0.9124
2/18/2026,IDR,20000
2/18/2026,ILS,3.6775
2/18/2026,INR,107.425
2/18/2026,ISK,144.9
2/18/2026,JPY,181.99
2/18/2026,KRW,1712.66
2/18/2026,MXN,20.2709
2/18/2026,MYR,4.6196
2/18/2026,NOK,11.2285
2/18/2026,NZD,1.973
2/18/2026,PHP,68.551
2/18/2026,PLN,4.2165
2/18/2026,RON,5.0929
2/18/2026,SEK,10.616
2/18/2026,SGD,1.4971
2/18/2026,THB,37.016
2/18/2026,TRY,51.8305
2/18/2026,USD,1.1845
2/18/2026,ZAR,18.9794
2/19/2026,AUD,1.6698
2/19/2026,BRL,6.1519
2/19/2026,CAD,1.6107
2/19/2026,CNY,8.1197
2/19/2026,CZK,24.245
2/19/2026,DKK,7.4717
2/19/2026,GBP,0.8738
2/19/2026,HKD,9.1846
2/19/2026,HUF,379.73
2/19/2026,CHF,0.9119
2/19/2026,IDR,19883.96
2/19/2026,ILS,3.6888
2/19/2026,INR,107.183
2/19/2026,ISK,144.9
2/19/2026,JPY,182.05
2/19/2026,KRW,1703.81
2/19/2026,MXN,20.3086
2/19/2026,MYR,4.5937
2/19/2026,NOK,11.253
2/19/2026,NZD,1.9728
2/19/2026,PHP,68.225
2/19/2026,PLN,4.2215
2/19/2026,RON,5.097
2/19/2026,SEK,10.6915
2/19/2026,SGD,1.4916
2/19/2026,THB,36.722
2/19/2026,TRY,51.4426
2/19/2026,USD,1.1753
2/19/2026,ZAR,19.062
2/23/2026,AUD,1.6669
2/23/2026,BRL,6.1059
2/23/2026,CAD,1.6132
2/23/2026,CNY,8.1412
2/23/2026,CZK,24.223
2/23/2026,DKK,7.4707
2/23/2026,GBP,0.8734
2/23/2026,HKD,9.2136
2/23/2026,HUF,379.65
2/23/2026,CHF,0.9145
2/23/2026,IDR,19823.28
2/23/2026,ILS,3.6769
2/23/2026,INR,107.115
2/23/2026,ISK,144.9
2/23/2026,JPY,182.44
2/23/2026,KRW,1701.08
2/23/2026,MXN,20.2649
2/23/2026,MYR,4.5852
2/23/2026,NOK,11.2585
2/23/2026,NZD,1.975
2/23/2026,PHP,67.913
2/23/2026,PLN,4.2173
2/23/2026,RON,5.0969
2/23/2026,SEK,10.6955
2/23/2026,SGD,1.4923
2/23/2026,THB,36.56
2/23/2026,TRY,51.6598
2/23/2026,USD,1.1784
2/23/2026,ZAR,18.8679
2/24/2026,AUD,1.6718
2/24/2026,BRL,6.0968
2/24/2026,CAD,1.6148
2/24/2026,CNY,8.1046
2/24/2026,CZK,24.225
2/24/2026,DKK,7.4712
2/24/2026,GBP,0.8731
2/24/2026,HKD,9.2126
2/24/2026,HUF,379
2/24/2026,CHF,0.912
2/24/2026,IDR,19823.58
2/24/2026,ILS,3.6695
2/24/2026,INR,107.0865
2/24/2026,ISK,144.7
2/24/2026,JPY,183.53
2/24/2026,KRW,1699.77
2/24/2026,MXN,20.3539
2/24/2026,MYR,4.586
2/24/2026,NOK,11.2575
2/24/2026,NZD,1.9783
2/24/2026,PHP,68.027
2/24/2026,PLN,4.2203
2/24/2026,RON,5.0947
2/24/2026,SEK,10.688
2/24/2026,SGD,1.4925
2/24/2026,THB,36.573
2/24/2026,TRY,51.6441
2/24/2026,USD,1.1777
2/24/2026,ZAR,18.853
2/26/2026,AUD,1.6592
2/26/2026,BRL,6.0556
2/26/2026,CAD,1.6155
2/26/2026,CNY,8.0823
2/26/2026,CZK,24.246
2/26/2026,DKK,7.4719
2/26/2026,GBP,0.8719
2/26/2026,HKD,9.2417
2/26/2026,HUF,375.2
2/26/2026,CHF,0.914
2/26/2026,IDR,19809.24
2/26/2026,ILS,3.674
2/26/2026,INR,107.421
2/26/2026,ISK,143.3
2/26/2026,JPY,184.37
2/26/2026,KRW,1684.25
2/26/2026,MXN,20.2926
2/26/2026,MYR,4.5909
2/26/2026,NOK,11.293
2/26/2026,NZD,1.9721
2/26/2026,PHP,68.073
2/26/2026,PLN,4.2225
2/26/2026,RON,5.0949
2/26/2026,SEK,10.673
2/26/2026,SGD,1.4922
2/26/2026,THB,36.694
2/26/2026,TRY,51.8415
2/26/2026,USD,1.1814
2/26/2026,ZAR,18.7563
2/27/2026,AUD,1.6612
2/27/2026,BRL,6.0862
2/27/2026,CAD,1.6139
2/27/2026,CNY,8.0961
2/27/2026,CZK,24.244
2/27/2026,DKK,7.4718
2/27/2026,GBP,0.8763
2/27/2026,HKD,9.2359
2/27/2026,HUF,376.63
2/27/2026,CHF,0.9104
2/27/2026,IDR,19833.7
2/27/2026,ILS,3.7107
2/27/2026,INR,107.5205
2/27/2026,ISK,143.5
2/27/2026,JPY,184.13
2/27/2026,KRW,1702.25
2/27/2026,MXN,20.3189
2/27/2026,MYR,4.5933
2/27/2026,NOK,11.2085
2/27/2026,NZD,1.9731
2/27/2026,PHP,68.095
2/27/2026,PLN,4.2243
2/27/2026,RON,5.0957
2/27/2026,SEK,10.6643
2/27/2026,SGD,1.4942
2/27/2026,THB,36.696
2/27/2026,TRY,51.8946
2/27/2026,USD,1.1805
2/27/2026,ZAR,18.8178
3/2/2026,AUD,1.6579
3/2/2026,BRL,6.0908
3/2/2026,CAD,1.5991
3/2/2026,CNY,8.0512
3/2/2026,CZK,24.274
3/2/2026,DKK,7.4712
3/2/2026,GBP,0.8739
3/2/2026,HKD,9.1509
3/2/2026,HUF,381.7
3/2/2026,CHF,0.9117
3/2/2026,IDR,19742.36
3/2/2026,ILS,3.6066
3/2/2026,INR,107.317
3/2/2026,ISK,143.9
3/2/2026,JPY,184.19
3/2/2026,KRW,1710.38
3/2/2026,MXN,20.2947
3/2/2026,MYR,4.5938
3/2/2026,NOK,11.191
3/2/2026,NZD,1.9709
3/2/2026,PHP,68.135
3/2/2026,PLN,4.244
3/2/2026,RON,5.0976
3/2/2026,SEK,10.708
3/2/2026,SGD,1.49
3/2/2026,THB,36.86
3/2/2026,TRY,51.4229
3/2/2026,USD,1.1698
3/2/2026,ZAR,18.9055
3/3/2026,AUD,1.6534
3/3/2026,BRL,6.0855
3/3/2026,CAD,1.5883
3/3/2026,CNY,8.017
3/3/2026,CZK,24.378
3/3/2026,DKK,7.4704
3/3/2026,GBP,0.8717
3/3/2026,HKD,9.0552
3/3/2026,HUF,387.89
3/3/2026,CHF,0.9107
3/3/2026,IDR,19607.81
3/3/2026,ILS,3.5945
3/3/2026,INR,106.9525
3/3/2026,ISK,144.1
3/3/2026,JPY,182.98
3/3/2026,KRW,1715.95
3/3/2026,MXN,20.3277
3/3/2026,MYR,4.5797
3/3/2026,NOK,11.2485
3/3/2026,NZD,1.9688
3/3/2026,PHP,67.853
3/3/2026,PLN,4.2865
3/3/2026,RON,5.0981
3/3/2026,SEK,10.7265
3/3/2026,SGD,1.4833
3/3/2026,THB,36.861
3/3/2026,TRY,51.0409
3/3/2026,USD,1.1606
3/3/2026,ZAR,19.0262
3/4/2026,AUD,1.6503
3/4/2026,BRL,6.0805
3/4/2026,CAD,1.591
3/4/2026,CNY,8.0347
3/4/2026,CZK,24.36
3/4/2026,DKK,7.4715
3/4/2026,GBP,0.8705
3/4/2026,HKD,9.1064
3/4/2026,HUF,384.33
3/4/2026,CHF,0.9082
3/4/2026,IDR,19633.92
3/4/2026,ILS,3.5838
3/4/2026,INR,107.2678
3/4/2026,ISK,144.7
3/4/2026,JPY,183.02
3/4/2026,KRW,1706.34
3/4/2026,MXN,20.4415
3/4/2026,MYR,4.5915
3/4/2026,NOK,11.2385
3/4/2026,NZD,1.9674
3/4/2026,PHP,68.111
3/4/2026,PLN,4.2588
3/4/2026,RON,5.0925
3/4/2026,SEK,10.6785
3/4/2026,SGD,1.4844
3/4/2026,THB,36.671
3/4/2026,TRY,51.2254
3/4/2026,USD,1.1649
3/4/2026,ZAR,19.0098
3/6/2026,AUD,1.6501
3/6/2026,BRL,6.1002
3/6/2026,CAD,1.5782
3/6/2026,CNY,7.9825
3/6/2026,CZK,24.419
3/6/2026,DKK,7.4708
3/6/2026,GBP,0.86693
3/6/2026,HKD,9.04
3/6/2026,HUF,393.4
3/6/2026,CHF,0.9045
3/6/2026,IDR,19623.06
3/6/2026,ILS,3.5756
3/6/2026,INR,106.1745
3/6/2026,ISK,144.9
3/6/2026,JPY,182.57
3/6/2026,KRW,1717.02
3/6/2026,MXN,20.5624
3/6/2026,MYR,4.562
3/6/2026,NOK,11.1725
3/6/2026,NZD,1.9687
3/6/2026,PHP,68.525
3/6/2026,PLN,4.2875
3/6/2026,RON,5.0951
3/6/2026,SEK,10.693
3/6/2026,SGD,1.481
3/6/2026,THB,36.966
3/6/2026,TRY,50.9539
3/6/2026,USD,1.1561
3/6/2026,ZAR,19.3277
3/9/2026,AUD,1.6465
3/9/2026,BRL,6.0435
3/9/2026,CAD,1.568
3/9/2026,CNY,7.9929
3/9/2026,CZK,24.399
3/9/2026,DKK,7.4708
3/9/2026,GBP,0.8653
3/9/2026,HKD,9.0311
3/9/2026,HUF,396.38
3/9/2026,CHF,0.9008
3/9/2026,IDR,19575.56
3/9/2026,ILS,3.5948
3/9/2026,INR,106.65
3/9/2026,ISK,145.1
3/9/2026,JPY,183.15
3/9/2026,KRW,1716.06
3/9/2026,MXN,20.6231
3/9/2026,MYR,4.5792
3/9/2026,NOK,11.1545
3/9/2026,NZD,1.9563
3/9/2026,PHP,68.779
3/9/2026,PLN,4.2785
3/9/2026,RON,5.0979
3/9/2026,SEK,10.6945
3/9/2026,SGD,1.4792
3/9/2026,THB,37.057
3/9/2026,TRY,50.9394
3/9/2026,USD,1.1555
3/9/2026,ZAR,19.27
3/10/2026,AUD,1.6355
3/10/2026,BRL,6.0276
3/10/2026,CAD,1.5777
3/10/2026,CNY,8.0057
3/10/2026,CZK,24.38
3/10/2026,DKK,7.4713
3/10/2026,GBP,0.86545
3/10/2026,HKD,9.1075
3/10/2026,HUF,385.83
3/10/2026,CHF,0.9027
3/10/2026,IDR,19634.06
3/10/2026,ILS,3.5963
3/10/2026,INR,107.05
3/10/2026,ISK,144.88
3/10/2026,JPY,183.67
3/10/2026,KRW,1711.37
3/10/2026,MXN,20.4409
3/10/2026,MYR,4.5691
3/10/2026,NOK,11.147
3/10/2026,NZD,1.9596
3/10/2026,PHP,68.703
3/10/2026,PLN,4.2548
3/10/2026,RON,5.0936
3/10/2026,SEK,10.606
3/10/2026,SGD,1.481
3/10/2026,THB,36.815
3/10/2026,TRY,51.2728
3/10/2026,USD,1.1641
3/10/2026,ZAR,18.9618
3/11/2026,AUD,1.6195
3/11/2026,BRL,5.9887
3/11/2026,CAD,1.5742
3/11/2026,CNY,7.9518
3/11/2026,CZK,24.377
3/11/2026,DKK,7.4718
3/11/2026,GBP,0.86363
3/11/2026,HKD,9.0642
3/11/2026,HUF,387.83
3/11/2026,CHF,0.9031
3/11/2026,IDR,19569.86
3/11/2026,ILS,3.5979
3/11/2026,INR,106.629
3/11/2026,ISK,145
3/11/2026,JPY,183.63
3/11/2026,KRW,1710.64
3/11/2026,MXN,20.4403
3/11/2026,MYR,4.5357
3/11/2026,NOK,11.17
3/11/2026,NZD,1.9571
3/11/2026,PHP,68.622
3/11/2026,PLN,4.2523
3/11/2026,RON,5.0907
3/11/2026,SEK,10.6543
3/11/2026,SGD,1.4757
3/11/2026,THB,36.787
3/11/2026,TRY,51.0671
3/11/2026,USD,1.1581
3/11/2026,ZAR,18.9949
3/12/2026,AUD,1.619
3/12/2026,BRL,5.9607
3/12/2026,CAD,1.5706
3/12/2026,CNY,7.9316
3/12/2026,CZK,24.406
3/12/2026,DKK,7.4722
3/12/2026,GBP,0.86243
3/12/2026,HKD,9.038
3/12/2026,HUF,387.54
3/12/2026,CHF,0.9028
3/12/2026,IDR,19498.09
3/12/2026,ILS,3.5952
3/12/2026,INR,106.4745
3/12/2026,ISK,144.6
3/12/2026,JPY,183.43
3/12/2026,KRW,1709.93
3/12/2026,MXN,20.4526
3/12/2026,MYR,4.5345
3/12/2026,NOK,11.1575
3/12/2026,NZD,1.9588
3/12/2026,PHP,68.622
3/12/2026,PLN,4.2578
3/12/2026,RON,5.0936
3/12/2026,SEK,10.7108
3/12/2026,SGD,1.4726
3/12/2026,THB,36.875
3/12/2026,TRY,50.9333
3/12/2026,USD,1.1547
3/12/2026,ZAR,19.1007
3/13/2026,AUD,1.6293
3/13/2026,BRL,6.0172
3/13/2026,CAD,1.5726
3/13/2026,CNY,7.9145
3/13/2026,CZK,24.437
3/13/2026,DKK,7.4726
3/13/2026,GBP,0.86503
3/13/2026,HKD,8.9827
3/13/2026,HUF,391.48
3/13/2026,CHF,0.9034
3/13/2026,IDR,19395.07
3/13/2026,ILS,3.5883
3/13/2026,INR,106.0205
3/13/2026,ISK,144.2
3/13/2026,JPY,182.85
3/13/2026,KRW,1711.87
3/13/2026,MXN,20.4517
3/13/2026,MYR,4.5198
3/13/2026,NOK,11.159
3/13/2026,NZD,1.9691
3/13/2026,PHP,68.301
3/13/2026,PLN,4.2675
3/13/2026,RON,5.0947
3/13/2026,SEK,10.7545
3/13/2026,SGD,1.4685
3/13/2026,THB,36.953
3/13/2026,TRY,50.7122
3/13/2026,USD,1.1476
3/13/2026,ZAR,19.2754
3/16/2026,AUD,1.6272
3/16/2026,BRL,6.0492
3/16/2026,CAD,1.5703
3/16/2026,CNY,7.9154
3/16/2026,CZK,24.436
3/16/2026,DKK,7.472
3/16/2026,GBP,0.86408
3/16/2026,HKD,8.9881
3/16/2026,HUF,390.23
3/16/2026,CHF,0.9041
3/16/2026,IDR,19472.25
3/16/2026,ILS,3.58
3/16/2026,INR,105.8818
3/16/2026,ISK,143.4
3/16/2026,JPY,182.66
3/16/2026,KRW,1711.08
3/16/2026,MXN,20.4306
3/16/2026,MYR,4.5114
3/16/2026,NOK,11.149
3/16/2026,NZD,1.9647
3/16/2026,PHP,68.579
3/16/2026,PLN,4.2683
3/16/2026,RON,5.0947
3/16/2026,SEK,10.769
3/16/2026,SGD,1.4676
3/16/2026,THB,37.143
3/16/2026,TRY,50.7157
3/16/2026,USD,1.1478
3/16/2026,ZAR,19.2461
3/17/2026,AUD,1.6227
3/17/2026,BRL,6.0064
3/17/2026,CAD,1.5804
3/17/2026,CNY,7.9412
3/17/2026,CZK,24.437
3/17/2026,DKK,7.4718
3/17/2026,GBP,0.8643
3/17/2026,HKD,9.0355
3/17/2026,HUF,388.33
3/17/2026,CHF,0.9068
3/17/2026,IDR,19554.27
3/17/2026,ILS,3.5733
3/17/2026,INR,106.5055
3/17/2026,ISK,143.6
3/17/2026,JPY,183.29
3/17/2026,KRW,1714.87
3/17/2026,MXN,20.3662
3/17/2026,MYR,4.5178
3/17/2026,NOK,11.073
3/17/2026,NZD,1.9693
3/17/2026,PHP,68.677
3/17/2026,PLN,4.2593
3/17/2026,RON,5.0915
3/17/2026,SEK,10.7055
3/17/2026,SGD,1.4723
3/17/2026,THB,37.268
3/17/2026,TRY,50.973
3/17/2026,USD,1.1531
3/17/2026,ZAR,19.2092
3/18/2026,AUD,1.6305
3/18/2026,BRL,6.0079
3/18/2026,CAD,1.5774
3/18/2026,CNY,7.9214
3/18/2026,CZK,24.467
3/18/2026,DKK,7.472
3/18/2026,GBP,0.86393
3/18/2026,HKD,9.0135
3/18/2026,HUF,392.83
3/18/2026,CHF,0.9073
3/18/2026,IDR,19543.1
3/18/2026,ILS,3.568
3/18/2026,INR,106.83
3/18/2026,ISK,143.6
3/18/2026,JPY,183.49
3/18/2026,KRW,1729.08
3/18/2026,MXN,20.3942
3/18/2026,MYR,4.504
3/18/2026,NOK,11.0205
3/18/2026,NZD,1.9763
3/18/2026,PHP,69.001
3/18/2026,PLN,4.2713
3/18/2026,RON,5.0938
3/18/2026,SEK,10.7778
3/18/2026,SGD,1.4734
3/18/2026,THB,37.565
3/18/2026,TRY,50.8539
3/18/2026,USD,1.15
3/18/2026,ZAR,19.4174
3/19/2026,AUD,1.6403
3/19/2026,BRL,6.0877
3/19/2026,CAD,1.577
3/19/2026,CNY,7.9279
3/19/2026,CZK,24.517
3/19/2026,DKK,7.4716
3/19/2026,GBP,0.86388
3/19/2026,HKD,8.9966
3/19/2026,HUF,394.3
3/19/2026,CHF,0.9121
3/19/2026,IDR,19485.57
3/19/2026,ILS,3.5997
3/19/2026,INR,107.133
3/19/2026,ISK,143.4
3/19/2026,JPY,182.46
3/19/2026,KRW,1725.2
3/19/2026,MXN,20.5858
3/19/2026,MYR,4.5259
3/19/2026,NOK,10.996
3/19/2026,NZD,1.98
3/19/2026,PHP,69.112
3/19/2026,PLN,4.2853
3/19/2026,RON,5.0972
3/19/2026,SEK,10.8065
3/19/2026,SGD,1.4744
3/19/2026,THB,37.805
3/19/2026,TRY,50.92
3/19/2026,USD,1.1489
3/19/2026,ZAR,19.6105
3/20/2026,AUD,1.6351
3/20/2026,BRL,6.0724
3/20/2026,CAD,1.5849
3/20/2026,CNY,7.9664
3/20/2026,CZK,24.505
3/20/2026,DKK,7.4712
3/20/2026,GBP,0.86438
3/20/2026,HKD,9.0545
3/20/2026,HUF,392.48
3/20/2026,CHF,0.9096
3/20/2026,IDR,19557.3
3/20/2026,ILS,3.5888
3/20/2026,INR,108.175
3/20/2026,ISK,143.8
3/20/2026,JPY,183.46
3/20/2026,KRW,1734.17
3/20/2026,MXN,20.5875
3/20/2026,MYR,4.5521
3/20/2026,NOK,11.029
3/20/2026,NZD,1.9723
3/20/2026,PHP,69.18
3/20/2026,PLN,4.2783
3/20/2026,RON,5.096
3/20/2026,SEK,10.7825
3/20/2026,SGD,1.4793
3/20/2026,THB,37.854
3/20/2026,TRY,51.197
3/20/2026,USD,1.1555
3/20/2026,ZAR,19.5117
3/23/2026,AUD,1.6519
3/23/2026,BRL,6.0989
3/23/2026,CAD,1.5896
3/23/2026,CNY,7.9916
3/23/2026,CZK,24.438
3/23/2026,DKK,7.4717
3/23/2026,GBP,0.8642
3/23/2026,HKD,9.0819
3/23/2026,HUF,388.45
3/23/2026,CHF,0.9124
3/23/2026,IDR,19593.01
3/23/2026,ILS,3.6121
3/23/2026,INR,108.099
3/23/2026,ISK,143.6
3/23/2026,JPY,183.86
3/23/2026,KRW,1724.93
3/23/2026,MXN,20.6021
3/23/2026,MYR,4.5682
3/23/2026,NOK,11.285
3/23/2026,NZD,1.9836
3/23/2026,PHP,69.162
3/23/2026,PLN,4.2643
3/23/2026,RON,5.0957
3/23/2026,SEK,10.8328
3/23/2026,SGD,1.4791
3/23/2026,THB,37.403
3/23/2026,TRY,51.3949
3/23/2026,USD,1.1596
3/23/2026,ZAR,19.4939
3/24/2026,AUD,1.6652
3/24/2026,BRL,6.0949
3/24/2026,CAD,1.591
3/24/2026,CNY,7.977
3/24/2026,CZK,24.477
3/24/2026,DKK,7.4711
3/24/2026,GBP,0.86541
3/24/2026,HKD,9.0575
3/24/2026,HUF,389.88
3/24/2026,CHF,0.9145
3/24/2026,IDR,19545.8
3/24/2026,ILS,3.6213
3/24/2026,INR,108.597
3/24/2026,ISK,144
3/24/2026,JPY,183.91
3/24/2026,KRW,1734.48
3/24/2026,MXN,20.6974
3/24/2026,MYR,4.5785
3/24/2026,NOK,11.2305
3/24/2026,NZD,1.9895
3/24/2026,PHP,69.395
3/24/2026,PLN,4.2743
3/24/2026,RON,5.0951
3/24/2026,SEK,10.8238
3/24/2026,SGD,1.4819
3/24/2026,THB,37.794
3/24/2026,TRY,51.3193
3/24/2026,USD,1.1572
3/24/2026,ZAR,19.7903
3/25/2026,AUD,1.6647
3/25/2026,BRL,6.0661
3/25/2026,CAD,1.5977
3/25/2026,CNY,7.9979
3/25/2026,CZK,24.437
3/25/2026,DKK,7.4717
3/25/2026,GBP,0.86558
3/25/2026,HKD,9.0637
3/25/2026,HUF,389.18
3/25/2026,CHF,0.9153
3/25/2026,IDR,19541.91
3/25/2026,ILS,3.6186
3/25/2026,INR,108.9005
3/25/2026,ISK,143.4
3/25/2026,JPY,184.27
3/25/2026,KRW,1735.94
3/25/2026,MXN,20.5936
3/25/2026,MYR,4.5962
3/25/2026,NOK,11.2855
3/25/2026,NZD,1.9921
3/25/2026,PHP,69.626
3/25/2026,PLN,4.2718
3/25/2026,RON,5.0947
3/25/2026,SEK,10.7715
3/25/2026,SGD,1.4829
3/25/2026,THB,37.778
3/25/2026,TRY,51.4188
3/25/2026,USD,1.1592
3/25/2026,ZAR,19.6061
3/26/2026,AUD,1.6693
3/26/2026,BRL,6.0425
3/26/2026,CAD,1.5964
3/26/2026,CNY,7.9737
3/26/2026,CZK,24.478
3/26/2026,DKK,7.472
3/26/2026,GBP,0.86515
3/26/2026,HKD,9.0281
3/26/2026,HUF,388.35
3/26/2026,CHF,0.9151
3/26/2026,IDR,19521.33
3/26/2026,ILS,3.6099
3/26/2026,INR,108.6045
3/26/2026,ISK,143.4
3/26/2026,JPY,184.19
3/26/2026,KRW,1738.14
3/26/2026,MXN,20.5603
3/26/2026,MYR,4.6087
3/26/2026,NOK,11.1265
3/26/2026,NZD,1.9958
3/26/2026,PHP,69.482
3/26/2026,PLN,4.2743
3/26/2026,RON,5.0973
3/26/2026,SEK,10.8405
3/26/2026,SGD,1.4821
3/26/2026,THB,37.963
3/26/2026,TRY,51.1946
3/26/2026,USD,1.1539
3/26/2026,ZAR,19.6829
3/27/2026,AUD,1.6731
3/27/2026,BRL,6.0535
3/27/2026,CAD,1.5974
3/27/2026,CNY,7.9626
3/27/2026,CZK,24.542
3/27/2026,DKK,7.4721
3/27/2026,GBP,0.8672
3/27/2026,HKD,9.0223
3/27/2026,HUF,389.73
3/27/2026,CHF,0.9178
3/27/2026,IDR,19559.03
3/27/2026,ILS,3.6329
3/27/2026,INR,109.1945
3/27/2026,ISK,143.6
3/27/2026,JPY,184.16
3/27/2026,KRW,1740.79
3/27/2026,MXN,20.7971
3/27/2026,MYR,4.6218
3/27/2026,NOK,11.1885
3/27/2026,NZD,2.0019
3/27/2026,PHP,69.752
3/27/2026,PLN,4.2875
3/27/2026,RON,5.0989
3/27/2026,SEK,10.878
3/27/2026,SGD,1.4831
3/27/2026,THB,37.949
3/27/2026,TRY,51.2001
3/27/2026,USD,1.1517
3/27/2026,ZAR,19.7984
3/30/2026,AUD,1.674
3/30/2026,BRL,6.0179
3/30/2026,CAD,1.5987
3/30/2026,CNY,7.937
3/30/2026,CZK,24.555
3/30/2026,DKK,7.4727
3/30/2026,GBP,0.86803
3/30/2026,HKD,8.9969
3/30/2026,HUF,389.53
3/30/2026,CHF,0.9187
3/30/2026,IDR,19542.9
3/30/2026,ILS,3.6278
3/30/2026,INR,108.7686
3/30/2026,ISK,143.4
3/30/2026,JPY,183.12
3/30/2026,KRW,1742.93
3/30/2026,MXN,20.7784
3/30/2026,MYR,4.6258
3/30/2026,NOK,11.198
3/30/2026,NZD,2.0068
3/30/2026,PHP,69.718
3/30/2026,PLN,4.2883
3/30/2026,RON,5.0976
3/30/2026,SEK,10.906
3/30/2026,SGD,1.4812
3/30/2026,THB,37.731
3/30/2026,TRY,51.0528
3/30/2026,USD,1.1484
3/30/2026,ZAR,19.7347
3/31/2026,AUD,1.6693
3/31/2026,BRL,6.0065
3/31/2026,CAD,1.6022
3/31/2026,CNY,7.9341
3/31/2026,CZK,24.514
3/31/2026,DKK,7.473
3/31/2026,GBP,0.86833
3/31/2026,HKD,9.0136
3/31/2026,HUF,384.88
3/31/2026,CHF,0.9194
3/31/2026,IDR,19506.24
3/31/2026,ILS,3.638
3/31/2026,INR,107.8788
3/31/2026,ISK,143.6
3/31/2026,JPY,183.39
3/31/2026,KRW,1753.22
3/31/2026,MXN,20.7101
3/31/2026,MYR,4.6555
3/31/2026,NOK,11.2125
3/31/2026,NZD,2.0061
3/31/2026,PHP,69.78
3/31/2026,PLN,4.289
3/31/2026,RON,5.0991
3/31/2026,SEK,10.943
3/31/2026,SGD,1.4811
3/31/2026,THB,37.667
3/31/2026,TRY,51.1433
3/31/2026,USD,1.1498
3/31/2026,ZAR,19.6271
4/1/2026,AUD,1.6689
4/1/2026,BRL,5.9879
4/1/2026,CAD,1.6124
4/1/2026,CNY,7.9771
4/1/2026,CZK,24.516
4/1/2026,DKK,7.4726
4/1/2026,GBP,0.87113
4/1/2026,HKD,9.0955
4/1/2026,HUF,381.9
4/1/2026,CHF,0.9191
4/1/2026,IDR,19629.34
4/1/2026,ILS,3.6325
4/1/2026,INR,108.424
4/1/2026,ISK,144
4/1/2026,JPY,183.73
4/1/2026,KRW,1746.33
4/1/2026,MXN,20.7188
4/1/2026,MYR,4.6733
4/1/2026,NOK,11.208
4/1/2026,NZD,2.0102
4/1/2026,PHP,69.845
4/1/2026,PLN,4.2793
4/1/2026,RON,5.0978
4/1/2026,SEK,10.888
4/1/2026,SGD,1.4875
4/1/2026,THB,37.728
4/1/2026,TRY,51.6037
4/1/2026,USD,1.1605
4/1/2026,ZAR,19.4745
4/2/2026,AUD,1.6771
4/2/2026,BRL,5.972
4/2/2026,CAD,1.603
4/2/2026,CNY,7.9495
4/2/2026,CZK,24.54
4/2/2026,DKK,7.4722
4/2/2026,GBP,0.87253
4/2/2026,HKD,9.0325
4/2/2026,HUF,383.93
4/2/2026,CHF,0.9213
4/2/2026,IDR,19604.77
4/2/2026,ILS,3.6342
4/2/2026,INR,107.3
4/2/2026,ISK,144.4
4/2/2026,JPY,183.94
4/2/2026,KRW,1747.94
4/2/2026,MXN,20.6749
4/2/2026,MYR,4.6549
4/2/2026,NOK,11.2285
4/2/2026,NZD,2.0191
4/2/2026,PHP,69.86
4/2/2026,PLN,4.2855
4/2/2026,RON,5.0983
4/2/2026,SEK,10.948
4/2/2026,SGD,1.4834
4/2/2026,THB,37.762
4/2/2026,TRY,51.2795
4/2/2026,USD,1.1525
4/2/2026,ZAR,19.6061
4/7/2026,AUD,1.6665
4/7/2026,BRL,5.9506
4/7/2026,CAD,1.6078
4/7/2026,CNY,7.9251
4/7/2026,CZK,24.531
4/7/2026,DKK,7.4725
4/7/2026,GBP,0.87258
4/7/2026,HKD,9.0564
4/7/2026,HUF,382.3
4/7/2026,CHF,0.9242
4/7/2026,IDR,19727.97
4/7/2026,ILS,3.6361
4/7/2026,INR,107.4895
4/7/2026,ISK,143.8
4/7/2026,JPY,184.73
4/7/2026,KRW,1730.56
4/7/2026,MXN,20.5167
4/7/2026,MYR,4.6586
4/7/2026,NOK,11.183
4/7/2026,NZD,2.0267
4/7/2026,PHP,69.628
4/7/2026,PLN,4.2753
4/7/2026,RON,5.0954
4/7/2026,SEK,10.99
4/7/2026,SGD,1.4847
4/7/2026,THB,37.687
4/7/2026,TRY,51.5551
4/7/2026,USD,1.1557
4/7/2026,ZAR,19.5192
4/8/2026,AUD,1.6589
4/8/2026,BRL,5.9488
4/8/2026,CAD,1.6225
4/8/2026,CNY,7.9948
4/8/2026,CZK,24.38
4/8/2026,DKK,7.4728
4/8/2026,GBP,0.86893
4/8/2026,HKD,9.1685
4/8/2026,HUF,375.63
4/8/2026,CHF,0.9223
4/8/2026,IDR,19872.46
4/8/2026,ILS,3.6016
4/8/2026,INR,107.9533
4/8/2026,ISK,143.8
4/8/2026,JPY,185.13
4/8/2026,KRW,1725.73
4/8/2026,MXN,20.3696
4/8/2026,MYR,4.6543
4/8/2026,NOK,11.1535
4/8/2026,NZD,2.0055
4/8/2026,PHP,69.531
4/8/2026,PLN,4.2538
4/8/2026,RON,5.0952
4/8/2026,SEK,10.784
4/8/2026,SGD,1.49
4/8/2026,THB,37.313
4/8/2026,TRY,52.0707
4/8/2026,USD,1.1706
4/8/2026,ZAR,19.093
4/9/2026,AUD,1.6593
4/9/2026,BRL,5.9584
4/9/2026,CAD,1.6175
4/9/2026,CNY,7.9863
4/9/2026,CZK,24.401
4/9/2026,DKK,7.4728
4/9/2026,GBP,0.87053
4/9/2026,HKD,9.1551
4/9/2026,HUF,377.08
4/9/2026,CHF,0.924
4/9/2026,IDR,19978.14
4/9/2026,ILS,3.6029
4/9/2026,INR,108.2738
4/9/2026,ISK,143.6
4/9/2026,JPY,185.7
4/9/2026,KRW,1728.78
4/9/2026,MXN,20.3739
4/9/2026,MYR,4.6541
4/9/2026,NOK,11.1265
4/9/2026,NZD,2.0019
4/9/2026,PHP,69.883
4/9/2026,PLN,4.2558
4/9/2026,RON,5.0932
4/9/2026,SEK,10.8765
4/9/2026,SGD,1.4891
4/9/2026,THB,37.503
4/9/2026,TRY,52.1047
4/9/2026,USD,1.1685
4/9/2026,ZAR,19.2009
4/10/2026,AUD,1.6561
4/10/2026,BRL,5.9191
4/10/2026,CAD,1.6187
4/10/2026,CNY,7.9967
4/10/2026,CZK,24.365
4/10/2026,DKK,7.4727
4/10/2026,GBP,0.87105
4/10/2026,HKD,9.1729
4/10/2026,HUF,377.2
4/10/2026,CHF,0.9241
4/10/2026,IDR,20020.25
4/10/2026,ILS,3.5709
4/10/2026,INR,108.7795
4/10/2026,ISK,143.29
4/10/2026,JPY,186.43
4/10/2026,KRW,1737.06
4/10/2026,MXN,20.3184
4/10/2026,MYR,4.6434
4/10/2026,NOK,11.1165
4/10/2026,NZD,2.0034
4/10/2026,PHP,70.088
4/10/2026,PLN,4.2435
4/10/2026,RON,5.0915
4/10/2026,SEK,10.836
4/10/2026,SGD,1.4919
4/10/2026,THB,37.592
4/10/2026,TRY,52.3147
4/10/2026,USD,1.1711
4/10/2026,ZAR,19.2389
4/13/2026,AUD,1.661
4/13/2026,BRL,5.874
4/13/2026,CAD,1.6177
4/13/2026,CNY,7.9827
4/13/2026,CZK,24.378
4/13/2026,DKK,7.4727
4/13/2026,GBP,0.87058
4/13/2026,HKD,9.1507
4/13/2026,HUF,366.9
4/13/2026,CHF,0.9242
4/13/2026,IDR,20082.05
4/13/2026,ILS,3.5787
4/13/2026,INR,109.047
4/13/2026,ISK,143.2
4/13/2026,JPY,186.75
4/13/2026,KRW,1740.86
4/13/2026,MXN,20.3203
4/13/2026,MYR,4.6444
4/13/2026,NOK,11.098
4/13/2026,NZD,2.0081
4/13/2026,PHP,70.356
4/13/2026,PLN,4.2543
4/13/2026,RON,5.092
4/13/2026,SEK,10.892
4/13/2026,SGD,1.4912
4/13/2026,THB,37.728
4/13/2026,TRY,52.2478
4/13/2026,USD,1.1684
4/13/2026,ZAR,19.3849
4/14/2026,AUD,1.6558
4/14/2026,BRL,5.8747
4/14/2026,CAD,1.6225
4/14/2026,CNY,8.0379
4/14/2026,CZK,24.349
4/14/2026,DKK,7.4726
4/14/2026,GBP,0.86913
4/14/2026,HKD,9.2372
4/14/2026,HUF,363.85
4/14/2026,CHF,0.921
4/14/2026,IDR,20202.65
4/14/2026,ILS,3.5567
4/14/2026,INR,109.7765
4/14/2026,ISK,143.8
4/14/2026,JPY,187.33
4/14/2026,KRW,1734.18
4/14/2026,MXN,20.3173
4/14/2026,MYR,4.6594
4/14/2026,NOK,11.101
4/14/2026,NZD,1.9992
4/14/2026,PHP,70.578
4/14/2026,PLN,4.2425
4/14/2026,RON,5.0903
4/14/2026,SEK,10.798
4/14/2026,SGD,1.4993
4/14/2026,THB,37.791
4/14/2026,TRY,52.7442
4/14/2026,USD,1.1793
4/14/2026,ZAR,19.2845
4/16/2026,AUD,1.6425
4/16/2026,BRL,5.8771
4/16/2026,CAD,1.6174
4/16/2026,CNY,8.0368
4/16/2026,CZK,24.349
4/16/2026,DKK,7.4731
4/16/2026,GBP,0.86993
4/16/2026,HKD,9.2195
4/16/2026,HUF,364.55
4/16/2026,CHF,0.923
4/16/2026,IDR,20193.76
4/16/2026,ILS,3.5263
4/16/2026,INR,109.8595
4/16/2026,ISK,144.2
4/16/2026,JPY,187.31
4/16/2026,KRW,1739.62
4/16/2026,MXN,20.3467
4/16/2026,MYR,4.6586
4/16/2026,NOK,11.048
4/16/2026,NZD,1.9986
4/16/2026,PHP,70.666
4/16/2026,PLN,4.2423
4/16/2026,RON,5.0935
4/16/2026,SEK,10.804
4/16/2026,SGD,1.4985
4/16/2026,THB,37.685
4/16/2026,TRY,52.7417
4/16/2026,USD,1.1782
4/16/2026,ZAR,19.3046
4/17/2026,AUD,1.6438
4/17/2026,BRL,5.8707
4/17/2026,CAD,1.6129
4/17/2026,CNY,8.0483
4/17/2026,CZK,24.317
4/17/2026,DKK,7.4734
4/17/2026,GBP,0.87168
4/17/2026,HKD,9.2382
4/17/2026,HUF,362.7
4/17/2026,CHF,0.9231
4/17/2026,IDR,20267.48
4/17/2026,ILS,3.5262
4/17/2026,INR,109.5025
4/17/2026,ISK,144
4/17/2026,JPY,187.72
4/17/2026,KRW,1744.76
4/17/2026,MXN,20.3144
4/17/2026,MYR,4.6628
4/17/2026,NOK,11.017
4/17/2026,NZD,2.0032
4/17/2026,PHP,70.865
4/17/2026,PLN,4.2328
4/17/2026,RON,5.0989
4/17/2026,SEK,10.803
4/17/2026,SGD,1.5009
4/17/2026,THB,37.839
4/17/2026,TRY,52.9272
4/17/2026,USD,1.1797
4/17/2026,ZAR,19.3293
4/22/2026,AUD,1.6404
4/22/2026,BRL,5.8333
4/22/2026,CAD,1.6034
4/22/2026,CNY,8.0071
4/22/2026,CZK,24.347
4/22/2026,DKK,7.4735
4/22/2026,GBP,0.86903
4/22/2026,HKD,9.1892
4/22/2026,HUF,365.54
4/22/2026,CHF,0.9175
4/22/2026,IDR,20179.88
4/22/2026,ILS,3.521
4/22/2026,INR,110.0605
4/22/2026,ISK,143.8
4/22/2026,JPY,186.81
4/22/2026,KRW,1734.2
4/22/2026,MXN,20.3207
4/22/2026,MYR,4.6375
4/22/2026,NOK,10.912
4/22/2026,NZD,1.9866
4/22/2026,PHP,70.578
4/22/2026,PLN,4.2468
4/22/2026,RON,5.0942
4/22/2026,SEK,10.776
4/22/2026,SGD,1.4945
4/22/2026,THB,37.786
4/22/2026,TRY,52.7102
4/22/2026,USD,1.1733
4/22/2026,ZAR,19.323
