"2O26040003";-1032,17 €;22.4.2026 0:00:00;"SK9709000000000000000006";"Spárované";0;"2026040003";"Preklep / Rozdiel";1032,17 €;"KROS a.s."
"2O260410176";1566,23 €;22.4.2026 0:00:00;"SK941100000019736409";"Spárované";0;"20260410176";"Preklep / Rozdiel";1566,23 €;"Alza.cz a.s."
"POPLATOK 04/2026";-7,50 €;22.4.2026 0:00:00;"";"Nespárované";0;;"-";;
"UHRADA11";48,72 €;22.4.2026 0:00:00;"SK130900000261182725";"Nespárované";0;;"-";;
"2026040004";-140,95 €;21.4.2026 0:00:00;"SK9709000000000000000006";"Spárované";1;"2026040004";"Presná zhoda";704,77 €;"KROS a.s."
"2O260055";350,00 €;21.4.2026 0:00:00;"SK181100000363429545";"Spárované";0;"20260055";"Preklep / Rozdiel";350,00 €;"Jana Tvorivá - Creative Studio"
"2O26040002";-120,00 €;21.4.2026 0:00:00;"SK9709000000000000000006";"Spárované";0;"2026040002";"Preklep / Rozdiel";120,00 €;"KROS a.s."
"UHRADA3";2100,00 €;21.4.2026 0:00:00;"SK940900000469472169";"Spárované";0;"20260054";"Preklep / Rozdiel";2100,00 €;"Flux a.s."
"20260049";600,00 €;19.4.2026 0:00:00;"SK500900000844524442";"Spárované";1;"20260049";"Presná zhoda";1200,00 €;"Ing. Pavol Vnuk - NORPAL"
"20260217062";783,31 €;19.4.2026 0:00:00;"SK210900000299585580";"Spárované";1;"20260217062";"Presná zhoda";1566,61 €;"British Airways"
"2O260409173";768,19 €;19.4.2026 0:00:00;"SK2509000000000000000022";"Spárované";0;"20260409173";"Preklep / Rozdiel";768,19 €;"Lucia Prekladová - LINGUA"
"2O260417189";1124,84 €;19.4.2026 0:00:00;"SK251100000870557903";"Spárované";0;"20260417189";"Preklep / Rozdiel";1124,84 €;"Jana Tvorivá - Creative Studio"
"UHRADA87";498,71 €;19.4.2026 0:00:00;"SK100900000172975659";"Nespárované";0;;"-";;
"20260409171";72,38 €;18.4.2026 0:00:00;"SK521100000493112802";"Spárované";1;"20260409171";"Presná zhoda";361,90 €;"Lucia Prekladová - LINGUA"
"UHRADA97";178,23 €;18.4.2026 0:00:00;"SK141100000298302590";"Nespárované";0;;"-";;
"20260053";1200,00 €;17.4.2026 0:00:00;"SK910900000511536418";"Spárované";1;"20260053";"Presná zhoda";1200,00 €;"Ing. Pavol Vnuk - NORPAL"
"20260224268";537,67 €;17.4.2026 0:00:00;"CZ8701000000000000000019";"Spárované";1;"20260224268";"Presná zhoda";1075,34 €;"Alza.cz a.s."
"20260413177";561,76 €;17.4.2026 0:00:00;"SK740900000652215897";"Spárované";1;"20260413177";"Presná zhoda";1123,51 €;"Jana Tvorivá - Creative Studio"
"20260416187";1326,23 €;17.4.2026 0:00:00;"SK120900000452267765";"Spárované";1;"20260416187";"Presná zhoda";1326,23 €;"Ing. Pavol Vnuk - NORPAL"
"2O260406164";627,57 €;17.4.2026 0:00:00;"CZ8701000000000000000019";"Nespárované";0;;"-";;
"UHRADA24";2100,00 €;17.4.2026 0:00:00;"CZ8701000000000000000019";"Spárované";0;"4082026";"Preklep / Rozdiel";2100,00 €;"Alza.cz a.s."
"UHRADA97";499,97 €;17.4.2026 0:00:00;"SK331100000479330718";"Nespárované";0;;"-";;
"20260226273";183,82 €;16.4.2026 0:00:00;"SK140900000873315273";"Spárované";1;"20260226273";"Presná zhoda";919,09 €;"British Airways"
"20260415185";556,96 €;16.4.2026 0:00:00;"SK870900000602199196";"Spárované";1;"20260415185";"Presná zhoda";556,96 €;"Flux a.s."
"2O260050";80,00 €;16.4.2026 0:00:00;"SK640900000849272369";"Nespárované";0;;"-";;
"UHRADA41";130,00 €;16.4.2026 0:00:00;"SK2509000000000000000022";"Nespárované";0;;"-";;
"2O260401154";1109,93 €;15.4.2026 0:00:00;"SK2509000000000000000022";"Spárované";0;"20260401154";"Preklep / Rozdiel";1109,93 €;"Lucia Prekladová - LINGUA"
"2O260410175";500,76 €;15.4.2026 0:00:00;"SK2509000000000000000022";"Nespárované";0;;"-";;
"UHRADA30";331,92 €;15.4.2026 0:00:00;"SK880900000625028013";"Nespárované";0;;"-";;
"20260407167";414,35 €;14.4.2026 0:00:00;"SK100900000842501281";"Spárované";1;"20260407167";"Presná zhoda";414,35 €;"Jana Tvorivá - Creative Studio"
"2O260330149";769,27 €;14.4.2026 0:00:00;"SK740900000121192455";"Nespárované";0;;"-";;
"2O260406162";915,37 €;14.4.2026 0:00:00;"SK2509000000000000000022";"Spárované";0;"20260406162";"Preklep / Rozdiel";915,37 €;"Lucia Prekladová - LINGUA"
"2O260406163";109,31 €;14.4.2026 0:00:00;"SK340900000693902968";"Spárované";0;"20260406163";"Preklep / Rozdiel";109,31 €;"Jana Tvorivá - Creative Studio"
"20260310107";454,54 €;13.4.2026 0:00:00;"SK611100000699258326";"Spárované";1;"20260310107";"Presná zhoda";454,54 €;"British Airways"
"20260402158";295,27 €;13.4.2026 0:00:00;"SK380900000812059222";"Spárované";1;"20260402158";"Presná zhoda";590,53 €;"Flux a.s."
"20260409171";72,38 €;13.4.2026 0:00:00;"SK521100000493112802";"Spárované";1;"20260409171";"Presná zhoda";361,90 €;"Lucia Prekladová - LINGUA"
"2O260327145";83,62 €;13.4.2026 0:00:00;"SK120900000647482096";"Nespárované";0;;"-";;
"UHRADA87";925,01 €;13.4.2026 0:00:00;"SK850900000228438853";"Nespárované";0;;"-";;
"20260410174";1009,46 €;12.4.2026 0:00:00;"SK990900000973425506";"Spárované";1;"20260410174";"Presná zhoda";1009,46 €;"British Airways"
"UHRADA87";498,71 €;12.4.2026 0:00:00;"SK100900000172975659";"Nespárované";0;;"-";;
"20260302088";1539,21 €;11.4.2026 0:00:00;"SK531100000623395144";"Spárované";1;"20260302088";"Presná zhoda";1539,21 €;"Alza.cz a.s."
"20260408169";532,15 €;11.4.2026 0:00:00;"SK230900000794225632";"Spárované";1;"20260408169";"Presná zhoda";1064,30 €;"Jana Tvorivá - Creative Studio"
"2O260403161";795,34 €;11.4.2026 0:00:00;"SK490900000443856000";"Spárované";0;"20260403161";"Preklep / Rozdiel";795,34 €;"Jana Tvorivá - Creative Studio"
"UHRADA87";-280,37 €;11.4.2026 0:00:00;"SK9709000000000000000006";"Nespárované";0;;"-";;
"20260403159";764,40 €;10.4.2026 0:00:00;"SK490900000594299911";"Spárované";1;"20260403159";"Presná zhoda";764,40 €;"Flux a.s."
"2O260331150";562,67 €;9.4.2026 0:00:00;"SK321100000331174790";"Spárované";0;"20260331150";"Preklep / Rozdiel";562,67 €;"Jana Tvorivá - Creative Studio"
"2O260401155";814,44 €;9.4.2026 0:00:00;"SK2509000000000000000022";"Spárované";0;"20260401155";"Preklep / Rozdiel";814,44 €;"Lucia Prekladová - LINGUA"
"20260049";600,00 €;8.4.2026 0:00:00;"SK500900000844524442";"Spárované";1;"20260049";"Presná zhoda";1200,00 €;"Ing. Pavol Vnuk - NORPAL"
"20260312112";267,52 €;8.4.2026 0:00:00;"CZ8701000000000000000019";"Spárované";1;"20260312112";"Presná zhoda";1337,61 €;"Alza.cz a.s."
"2O260327146";717,54 €;8.4.2026 0:00:00;"SK530900000271269321";"Spárované";0;"20260327146";"Preklep / Rozdiel";717,54 €;"Ing. Pavol Vnuk - NORPAL"
"20260318123";641,32 €;7.4.2026 0:00:00;"SK280900000670326709";"Spárované";1;"20260318123";"Presná zhoda";1282,64 €;"British Airways"
"20260324135";910,56 €;7.4.2026 0:00:00;"SK810900000395802378";"Spárované";1;"20260324135";"Presná zhoda";910,56 €;"Flux a.s."
"20260324137";1015,13 €;7.4.2026 0:00:00;"SK451100000158397853";"Spárované";1;"20260324137";"Presná zhoda";1015,13 €;"British Airways"
"20260330147";924,58 €;7.4.2026 0:00:00;"SK590900000743738769";"Spárované";1;"20260330147";"Presná zhoda";924,58 €;"Jana Tvorivá - Creative Studio"
"2O260402157";1178,03 €;7.4.2026 0:00:00;"SK230900000049779355";"Spárované";0;"20260402157";"Preklep / Rozdiel";1178,03 €;"Flux a.s."
"UHRADA79";-265,27 €;7.4.2026 0:00:00;"SK9709000000000000000006";"Nespárované";0;;"-";;
"2026030011";-831,68 €;6.4.2026 0:00:00;"SK9709000000000000000006";"Spárované";1;"2026030011";"Presná zhoda";831,68 €;"KROS a.s."
"20260325138";107,35 €;5.4.2026 0:00:00;"SK390900000357825696";"Spárované";1;"20260325138";"Presná zhoda";107,35 €;"Jana Tvorivá - Creative Studio"
"20260326143";690,24 €;5.4.2026 0:00:00;"SK2509000000000000000022";"Spárované";1;"20260326143";"Presná zhoda";690,24 €;"Lucia Prekladová - LINGUA"
"20260331152";1334,97 €;5.4.2026 0:00:00;"CZ8701000000000000000019";"Spárované";1;"20260331152";"Presná zhoda";1334,97 €;"Alza.cz a.s."
"20260403160";1230,93 €;5.4.2026 0:00:00;"CZ8701000000000000000019";"Spárované";1;"20260403160";"Presná zhoda";1230,93 €;"Alza.cz a.s."
"2O260050";80,00 €;5.4.2026 0:00:00;"SK640900000849272369";"Nespárované";0;;"-";;
"2O260330149";769,27 €;5.4.2026 0:00:00;"SK740900000121192455";"Nespárované";0;;"-";;
"UHRADA87";-280,36 €;5.4.2026 0:00:00;"SK9709000000000000000006";"Nespárované";0;;"-";;
"20260051";850,00 €;4.4.2026 0:00:00;"SK220900000469186484";"Spárované";1;"20260051";"Presná zhoda";850,00 €;"British Airways"
"2026030012";-1400,86 €;4.4.2026 0:00:00;"SK9709000000000000000006";"Spárované";1;"2026030012";"Presná zhoda";1400,86 €;"KROS a.s."
"20260325140";1324,89 €;4.4.2026 0:00:00;"CZ8701000000000000000019";"Spárované";1;"20260325140";"Presná zhoda";1324,89 €;"Alza.cz a.s."
"20260402158";295,26 €;4.4.2026 0:00:00;"SK380900000812059222";"Spárované";1;"20260402158";"Presná zhoda";590,53 €;"Flux a.s."
"20260320129";1067,33 €;3.4.2026 0:00:00;"SK550900000267145395";"Spárované";1;"20260320129";"Presná zhoda";1067,33 €;"British Airways"
"20260326141";1182,46 €;3.4.2026 0:00:00;"SK990900000820732711";"Spárované";1;"20260326141";"Presná zhoda";1182,46 €;"British Airways"
"20260331151";1061,44 €;2.4.2026 0:00:00;"SK840900000590062319";"Spárované";1;"20260331151";"Presná zhoda";1061,44 €;"Jana Tvorivá - Creative Studio"
"UHRADA79";-265,27 €;2.4.2026 0:00:00;"SK9709000000000000000006";"Nespárované";0;;"-";;
"20260211241";74,89 €;1.4.2026 0:00:00;"SK980900000700171231";"Spárované";1;"20260211241";"Presná zhoda";374,44 €;"British Airways"
"20260320131";1023,91 €;1.4.2026 0:00:00;"SK2509000000000000000022";"Spárované";1;"20260320131";"Presná zhoda";1023,91 €;"Lucia Prekladová - LINGUA"
"20260309103";513,69 €;31.3.2026 0:00:00;"SK720900000650151311";"Spárované";1;"20260309103";"Presná zhoda";1027,38 €;"British Airways"
"20260320130";304,70 €;31.3.2026 0:00:00;"SK630900000035045027";"Spárované";1;"20260320130";"Presná zhoda";1523,50 €;"Jana Tvorivá - Creative Studio"
"20260323134";1028,32 €;31.3.2026 0:00:00;"SK260900000423947035";"Spárované";1;"20260323134";"Presná zhoda";1028,32 €;"Ing. Pavol Vnuk - NORPAL"
"20260325139";761,98 €;31.3.2026 0:00:00;"SK850900000224510311";"Spárované";1;"20260325139";"Presná zhoda";761,98 €;"Ing. Pavol Vnuk - NORPAL"
"20260326142";273,05 €;31.3.2026 0:00:00;"SK401100000148772179";"Spárované";1;"20260326142";"Presná zhoda";273,05 €;"Flux a.s."
"2O260327145";83,62 €;31.3.2026 0:00:00;"SK120900000647482096";"Nespárované";0;;"-";;
"20260209044";99,11 €;30.3.2026 0:00:00;"CZ8701000000000000000019";"Spárované";1;"20260209044";"Presná zhoda";495,57 €;"Alza.cz a.s."
"2026030008";-9,18 €;30.3.2026 0:00:00;"SK9709000000000000000006";"Spárované";1;"2026030008";"Presná zhoda";45,90 €;"KROS a.s."
"2026030009";-497,14 €;30.3.2026 0:00:00;"SK9709000000000000000006";"Spárované";1;"2026030009";"Presná zhoda";497,14 €;"KROS a.s."
"20260213247";1474,91 €;29.3.2026 0:00:00;"SK860900000982215224";"Spárované";1;"20260213247";"Presná zhoda";1474,91 €;"British Airways"
"20260213056";181,63 €;28.3.2026 0:00:00;"CZ8701000000000000000019";"Spárované";1;"20260213056";"Presná zhoda";363,26 €;"Alza.cz a.s."
"POPLATOK 03/2026";-7,50 €;28.3.2026 0:00:00;"";"Nespárované";0;;"-";;
"20260223264";409,37 €;27.3.2026 0:00:00;"CZ8701000000000000000019";"Spárované";1;"20260223264";"Presná zhoda";409,37 €;"Alza.cz a.s."
"20260303092";275,67 €;27.3.2026 0:00:00;"CZ8701000000000000000019";"Spárované";1;"20260303092";"Presná zhoda";1378,37 €;"Alza.cz a.s."
"20260226273";183,82 €;26.3.2026 0:00:00;"SK140900000873315273";"Spárované";1;"20260226273";"Presná zhoda";919,09 €;"British Airways"
"20260313115";1485,43 €;26.3.2026 0:00:00;"SK460900000097946762";"Spárované";1;"20260313115";"Presná zhoda";1485,43 €;"Flux a.s."
"20260316118";387,55 €;26.3.2026 0:00:00;"SK320900000335979401";"Spárované";1;"20260316118";"Presná zhoda";775,11 €;"Ing. Pavol Vnuk - NORPAL"
"20260316119";1039,83 €;26.3.2026 0:00:00;"SK730900000222686350";"Spárované";1;"20260316119";"Presná zhoda";1039,83 €;"British Airways"
"2026030010";-413,50 €;25.3.2026 0:00:00;"SK9709000000000000000006";"Spárované";1;"2026030010";"Presná zhoda";413,50 €;"KROS a.s."
"20260311110";1254,90 €;25.3.2026 0:00:00;"SK461100000283976018";"Spárované";1;"20260311110";"Presná zhoda";1254,90 €;"British Airways"
"20260316117";1474,90 €;25.3.2026 0:00:00;"SK690900000232870578";"Spárované";1;"20260316117";"Presná zhoda";1474,90 €;"Ing. Pavol Vnuk - NORPAL"
"20260323133";1088,32 €;25.3.2026 0:00:00;"SK340900000878302752";"Spárované";1;"20260323133";"Presná zhoda";1088,32 €;"Flux a.s."
"20260037";220,00 €;24.3.2026 0:00:00;"SK610900000760512887";"Spárované";1;"20260037";"Presná zhoda";1100,00 €;"British Airways"
"20260203031";398,30 €;24.3.2026 0:00:00;"SK300900000356732487";"Spárované";1;"20260203031";"Presná zhoda";796,60 €;"British Airways"
"20260224268";537,67 €;24.3.2026 0:00:00;"CZ8701000000000000000019";"Spárované";1;"20260224268";"Presná zhoda";1075,34 €;"Alza.cz a.s."
"20260313114";286,37 €;24.3.2026 0:00:00;"SK750900000094741940";"Spárované";1;"20260313114";"Presná zhoda";286,37 €;"Jana Tvorivá - Creative Studio"
"20260317122";1585,13 €;24.3.2026 0:00:00;"SK820900000826096414";"Spárované";1;"20260317122";"Presná zhoda";1585,13 €;"British Airways"
"20260209236";751,74 €;23.3.2026 0:00:00;"CZ8701000000000000000019";"Spárované";1;"20260209236";"Presná zhoda";751,74 €;"Alza.cz a.s."
"20260217062";783,30 €;23.3.2026 0:00:00;"SK210900000299585580";"Spárované";1;"20260217062";"Presná zhoda";1566,61 €;"British Airways"
"2026030006";-309,97 €;23.3.2026 0:00:00;"SK9709000000000000000006";"Spárované";1;"2026030006";"Presná zhoda";1549,86 €;"KROS a.s."
"20260304094";192,10 €;23.3.2026 0:00:00;"SK250900000841149925";"Spárované";1;"20260304094";"Presná zhoda";960,49 €;"Jana Tvorivá - Creative Studio"
"20260319127";357,17 €;23.3.2026 0:00:00;"SK110900000599134742";"Spárované";1;"20260319127";"Presná zhoda";357,17 €;"British Airways"
"20260320130";304,70 €;23.3.2026 0:00:00;"SK630900000035045027";"Spárované";1;"20260320130";"Presná zhoda";1523,50 €;"Jana Tvorivá - Creative Studio"
"20260046";1200,00 €;22.3.2026 0:00:00;"SK910900000400232493";"Spárované";1;"20260046";"Presná zhoda";1200,00 €;"Ing. Pavol Vnuk - NORPAL"
"20260047";550,00 €;22.3.2026 0:00:00;"SK2509000000000000000022";"Spárované";1;"20260047";"Presná zhoda";550,00 €;"Lucia Prekladová - LINGUA"
"2026030008";-9,18 €;22.3.2026 0:00:00;"SK9709000000000000000006";"Spárované";1;"2026030008";"Presná zhoda";45,90 €;"KROS a.s."
"20260310105";117,50 €;22.3.2026 0:00:00;"SK520900000939533888";"Spárované";1;"20260310105";"Presná zhoda";235,00 €;"Ing. Pavol Vnuk - NORPAL"
"20260311109";1287,65 €;22.3.2026 0:00:00;"SK2509000000000000000022";"Spárované";1;"20260311109";"Presná zhoda";1287,65 €;"Lucia Prekladová - LINGUA"
"20260212052";565,41 €;21.3.2026 0:00:00;"CZ8701000000000000000019";"Spárované";1;"20260212052";"Presná zhoda";565,41 €;"Alza.cz a.s."
"20260317121";1114,87 €;21.3.2026 0:00:00;"SK380900000603853999";"Spárované";1;"20260317121";"Presná zhoda";1114,87 €;"Ing. Pavol Vnuk - NORPAL"
"20260202220";261,19 €;20.3.2026 0:00:00;"CZ8701000000000000000019";"Spárované";1;"20260202220";"Presná zhoda";522,38 €;"Alza.cz a.s."
"20260316118";387,56 €;20.3.2026 0:00:00;"SK320900000335979401";"Spárované";1;"20260316118";"Presná zhoda";775,11 €;"Ing. Pavol Vnuk - NORPAL"
"20260318125";1109,63 €;20.3.2026 0:00:00;"SK470900000487153350";"Spárované";1;"20260318125";"Presná zhoda";1109,63 €;"Flux a.s."
"20260217254";266,32 €;19.3.2026 0:00:00;"SK301100000766279219";"Spárované";1;"20260217254";"Presná zhoda";266,32 €;"British Airways"
"20260302281";447,09 €;19.3.2026 0:00:00;"SK900900000972834526";"Spárované";1;"20260302281";"Presná zhoda";894,17 €;"Ing. Pavol Vnuk - NORPAL"
"20260048";3200,00 €;18.3.2026 0:00:00;"SK760900000497575520";"Spárované";1;"20260048";"Presná zhoda";3200,00 €;"Flux a.s."
"20260128020";165,09 €;18.3.2026 0:00:00;"CZ8701000000000000000019";"Nespárované";0;;"-";;
"2026030005";-287,19 €;18.3.2026 0:00:00;"SK9709000000000000000006";"Spárované";1;"2026030005";"Presná zhoda";574,37 €;"KROS a.s."
"20260306099";387,25 €;18.3.2026 0:00:00;"SK470900000516963123";"Spárované";1;"20260306099";"Presná zhoda";387,25 €;"Flux a.s."
"20260312113";823,76 €;18.3.2026 0:00:00;"SK210900000412597119";"Spárované";1;"20260312113";"Presná zhoda";823,76 €;"British Airways"
"20260317120";238,12 €;18.3.2026 0:00:00;"CZ8701000000000000000019";"Spárované";1;"20260317120";"Presná zhoda";238,12 €;"Alza.cz a.s."
"3162026";8500,00 €;18.3.2026 0:00:00;"CZ8701000000000000000019";"Spárované";1;"3162026";"Presná zhoda";8500,00 €;"Alza.cz a.s."
"20260128211";117,32 €;17.3.2026 0:00:00;"SK120900000890084086";"Spárované";1;"20260128211";"Presná zhoda";586,58 €;"British Airways"
"20260128212";167,81 €;17.3.2026 0:00:00;"CZ8701000000000000000019";"Spárované";1;"20260128212";"Presná zhoda";839,05 €;"Alza.cz a.s."
"2026030004";-587,76 €;17.3.2026 0:00:00;"SK9709000000000000000006";"Spárované";1;"2026030004";"Presná zhoda";587,76 €;"KROS a.s."
"20260305098";1459,27 €;17.3.2026 0:00:00;"SK900900000531820713";"Spárované";1;"20260305098";"Presná zhoda";1459,27 €;"Jana Tvorivá - Creative Studio"
"20260312111";843,31 €;17.3.2026 0:00:00;"SK830900000840850590";"Spárované";1;"20260312111";"Presná zhoda";843,31 €;"Flux a.s."
"20260126012";1248,63 €;16.3.2026 0:00:00;"CZ8701000000000000000019";"Spárované";1;"20260126012";"Presná zhoda";1248,63 €;"Alza.cz a.s."
"20260205228";167,53 €;16.3.2026 0:00:00;"CZ8701000000000000000019";"Spárované";1;"20260205228";"Presná zhoda";335,07 €;"Alza.cz a.s."
"20260211241";74,89 €;16.3.2026 0:00:00;"SK980900000700171231";"Spárované";1;"20260211241";"Presná zhoda";374,44 €;"British Airways"
"20260304287";661,88 €;16.3.2026 0:00:00;"SK340900000902203022";"Spárované";1;"20260304287";"Presná zhoda";661,88 €;"Flux a.s."
"20260302089";203,64 €;15.3.2026 0:00:00;"SK2509000000000000000022";"Spárované";1;"20260302089";"Presná zhoda";203,64 €;"Lucia Prekladová - LINGUA"
"20260304286";219,77 €;15.3.2026 0:00:00;"SK890900000027337074";"Spárované";1;"20260304286";"Presná zhoda";219,77 €;"Jana Tvorivá - Creative Studio"
"20260309102";1256,15 €;15.3.2026 0:00:00;"SK2509000000000000000022";"Spárované";1;"20260309102";"Presná zhoda";1256,15 €;"Lucia Prekladová - LINGUA"
"20260313116";1346,64 €;15.3.2026 0:00:00;"CZ8701000000000000000019";"Spárované";1;"20260313116";"Presná zhoda";1346,64 €;"Alza.cz a.s."
"2026030006";-309,97 €;14.3.2026 0:00:00;"SK9709000000000000000006";"Spárované";1;"2026030006";"Presná zhoda";1549,86 €;"KROS a.s."
"20260302087";451,32 €;14.3.2026 0:00:00;"SK900900000604637562";"Spárované";1;"20260302087";"Presná zhoda";451,32 €;"British Airways"
"20260302279";295,79 €;14.3.2026 0:00:00;"SK2509000000000000000022";"Spárované";1;"20260302279";"Presná zhoda";1478,94 €;"Lucia Prekladová - LINGUA"
"20260303282";274,00 €;14.3.2026 0:00:00;"SK741100000360775470";"Spárované";1;"20260303282";"Presná zhoda";548,00 €;"Jana Tvorivá - Creative Studio"
"2026030007";-280,59 €;13.3.2026 0:00:00;"SK9709000000000000000006";"Spárované";1;"2026030007";"Presná zhoda";280,59 €;"KROS a.s."
"20260303283";491,47 €;13.3.2026 0:00:00;"SK930900000808289109";"Spárované";1;"20260303283";"Presná zhoda";491,47 €;"Jana Tvorivá - Creative Studio"
"20260205036";1166,54 €;12.3.2026 0:00:00;"CZ8701000000000000000019";"Spárované";1;"20260205036";"Presná zhoda";1166,54 €;"Alza.cz a.s."
"20260225078";116,00 €;12.3.2026 0:00:00;"SK630900000327138304";"Spárované";1;"20260225078";"Presná zhoda";580,01 €;"Ing. Pavol Vnuk - NORPAL"
"2026030003";-1263,33 €;12.3.2026 0:00:00;"SK9709000000000000000006";"Spárované";1;"2026030003";"Presná zhoda";1263,33 €;"KROS a.s."
"20260310105";117,50 €;12.3.2026 0:00:00;"SK520900000939533888";"Spárované";1;"20260310105";"Presná zhoda";235,00 €;"Ing. Pavol Vnuk - NORPAL"
"20260220070";246,70 €;11.3.2026 0:00:00;"SK2509000000000000000022";"Spárované";1;"20260220070";"Presná zhoda";1233,48 €;"Lucia Prekladová - LINGUA"
"20260220071";194,90 €;11.3.2026 0:00:00;"SK870900000535029589";"Spárované";1;"20260220071";"Presná zhoda";389,80 €;"Flux a.s."
"20260226081";1218,07 €;11.3.2026 0:00:00;"SK680900000800383447";"Spárované";1;"20260226081";"Presná zhoda";1218,07 €;"Ing. Pavol Vnuk - NORPAL"
"20260304093";544,65 €;11.3.2026 0:00:00;"SK700900000058983921";"Spárované";1;"20260304093";"Presná zhoda";544,65 €;"Flux a.s."
"20260305097";1264,62 €;11.3.2026 0:00:00;"SK100900000319217621";"Spárované";1;"20260305097";"Presná zhoda";1264,62 €;"Flux a.s."
"20260306101";1526,40 €;11.3.2026 0:00:00;"SK980900000224358856";"Spárované";1;"20260306101";"Presná zhoda";1526,40 €;"British Airways"
"20260310106";996,37 €;11.3.2026 0:00:00;"SK770900000314252614";"Spárované";1;"20260310106";"Presná zhoda";996,37 €;"Flux a.s."
"20260224267";83,27 €;10.3.2026 0:00:00;"SK2509000000000000000022";"Spárované";1;"20260224267";"Presná zhoda";166,55 €;"Lucia Prekladová - LINGUA"
"20260227084";717,99 €;10.3.2026 0:00:00;"CZ8701000000000000000019";"Spárované";1;"20260227084";"Presná zhoda";717,99 €;"Alza.cz a.s."
"20260227085";785,47 €;10.3.2026 0:00:00;"SK940900000214576899";"Spárované";1;"20260227085";"Presná zhoda";1570,94 €;"Flux a.s."
"20260227086";924,56 €;10.3.2026 0:00:00;"SK380900000246616661";"Spárované";1;"20260227086";"Presná zhoda";924,56 €;"Ing. Pavol Vnuk - NORPAL"
"20260304094";192,10 €;10.3.2026 0:00:00;"SK250900000841149925";"Spárované";1;"20260304094";"Presná zhoda";960,49 €;"Jana Tvorivá - Creative Studio"
"20260304095";226,79 €;10.3.2026 0:00:00;"SK110900000464003085";"Spárované";1;"20260304095";"Presná zhoda";226,79 €;"British Airways"
"2026020021";-183,55 €;9.3.2026 0:00:00;"SK9709000000000000000006";"Spárované";1;"2026020021";"Presná zhoda";367,10 €;"KROS a.s."
"2026020023";-151,20 €;9.3.2026 0:00:00;"SK9709000000000000000006";"Spárované";1;"2026020023";"Presná zhoda";756,02 €;"KROS a.s."
"20260213056";181,63 €;9.3.2026 0:00:00;"CZ8701000000000000000019";"Spárované";1;"20260213056";"Presná zhoda";363,26 €;"Alza.cz a.s."
"20260224269";710,45 €;9.3.2026 0:00:00;"SK2509000000000000000022";"Spárované";1;"20260224269";"Presná zhoda";1420,89 €;"Lucia Prekladová - LINGUA"
"2026030001";-600,94 €;9.3.2026 0:00:00;"SK9709000000000000000006";"Spárované";1;"2026030001";"Presná zhoda";1201,88 €;"KROS a.s."
"2026030005";-287,18 €;9.3.2026 0:00:00;"SK9709000000000000000006";"Spárované";1;"2026030005";"Presná zhoda";574,37 €;"KROS a.s."
"20260303282";274,00 €;9.3.2026 0:00:00;"SK741100000360775470";"Spárované";1;"20260303282";"Presná zhoda";548,00 €;"Jana Tvorivá - Creative Studio"
"20260045";1500,00 €;8.3.2026 0:00:00;"SK190900000728735923";"Spárované";1;"20260045";"Presná zhoda";1500,00 €;"British Airways"
"20260121003";269,36 €;8.3.2026 0:00:00;"SK480900000559183358";"Spárované";1;"20260121003";"Presná zhoda";1346,82 €;"British Airways"
"2026020020";-909,30 €;8.3.2026 0:00:00;"SK9709000000000000000006";"Spárované";1;"2026020020";"Presná zhoda";909,30 €;"KROS a.s."
"20260204035";1440,03 €;8.3.2026 0:00:00;"SK830900000083820819";"Spárované";1;"20260204035";"Presná zhoda";1440,03 €;"British Airways"
"20260044";400,00 €;7.3.2026 0:00:00;"SK910900000659642159";"Spárované";1;"20260044";"Presná zhoda";400,00 €;"Jana Tvorivá - Creative Studio"
"20260224075";112,92 €;7.3.2026 0:00:00;"SK140900000723379134";"Spárované";1;"20260224075";"Presná zhoda";564,58 €;"Jana Tvorivá - Creative Studio"
"20260224076";1493,61 €;7.3.2026 0:00:00;"CZ8701000000000000000019";"Spárované";1;"20260224076";"Presná zhoda";1493,61 €;"Alza.cz a.s."
"20260224077";708,76 €;7.3.2026 0:00:00;"SK130900000676884471";"Spárované";1;"20260224077";"Presná zhoda";708,76 €;"Jana Tvorivá - Creative Studio"
"2026020022";-253,15 €;6.3.2026 0:00:00;"SK9709000000000000000006";"Spárované";1;"2026020022";"Presná zhoda";253,15 €;"KROS a.s."
"20260220263";399,35 €;6.3.2026 0:00:00;"SK890900000505281030";"Spárované";1;"20260220263";"Presná zhoda";399,35 €;"Flux a.s."
"20260225270";778,26 €;6.3.2026 0:00:00;"SK650900000755507170";"Spárované";1;"20260225270";"Presná zhoda";778,26 €;"Jana Tvorivá - Creative Studio"
"20260227277";389,76 €;6.3.2026 0:00:00;"SK670900000916754304";"Spárované";1;"20260227277";"Presná zhoda";389,76 €;"Ing. Pavol Vnuk - NORPAL"
"20260302279";295,79 €;6.3.2026 0:00:00;"SK2509000000000000000022";"Spárované";1;"20260302279";"Presná zhoda";1478,94 €;"Lucia Prekladová - LINGUA"
"20260302281";447,08 €;6.3.2026 0:00:00;"SK900900000972834526";"Spárované";1;"20260302281";"Presná zhoda";894,17 €;"Ing. Pavol Vnuk - NORPAL"
"20260303091";855,81 €;6.3.2026 0:00:00;"SK400900000876025675";"Spárované";1;"20260303091";"Presná zhoda";855,81 €;"Jana Tvorivá - Creative Studio"
"20260304285";985,79 €;6.3.2026 0:00:00;"SK2509000000000000000022";"Spárované";1;"20260304285";"Presná zhoda";985,79 €;"Lucia Prekladová - LINGUA"
"20260223073";1348,92 €;5.3.2026 0:00:00;"SK950900000895223914";"Spárované";1;"20260223073";"Presná zhoda";1348,92 €;"Flux a.s."
"20260223074";931,78 €;5.3.2026 0:00:00;"SK920900000890893816";"Spárované";1;"20260223074";"Presná zhoda";931,78 €;"Flux a.s."
"20260225271";971,51 €;5.3.2026 0:00:00;"SK340900000968714176";"Spárované";1;"20260225271";"Presná zhoda";971,51 €;"Ing. Pavol Vnuk - NORPAL"
"20260226275";793,50 €;5.3.2026 0:00:00;"SK220900000139214336";"Spárované";1;"20260226275";"Presná zhoda";793,50 €;"Ing. Pavol Vnuk - NORPAL"
"2026030002";-120,00 €;5.3.2026 0:00:00;"SK9709000000000000000006";"Spárované";1;"2026030002";"Presná zhoda";120,00 €;"KROS a.s."
"20260303090";1294,21 €;5.3.2026 0:00:00;"SK2509000000000000000022";"Spárované";1;"20260303090";"Presná zhoda";1294,21 €;"Lucia Prekladová - LINGUA"
"20260227085";785,47 €;4.3.2026 0:00:00;"SK940900000214576899";"Spárované";1;"20260227085";"Presná zhoda";1570,94 €;"Flux a.s."
"20260227278";583,01 €;4.3.2026 0:00:00;"SK650900000539417027";"Spárované";1;"20260227278";"Presná zhoda";583,01 €;"Ing. Pavol Vnuk - NORPAL"
"2026030001";-600,94 €;4.3.2026 0:00:00;"SK9709000000000000000006";"Spárované";1;"2026030001";"Presná zhoda";1201,88 €;"KROS a.s."
"20260217253";130,74 €;3.3.2026 0:00:00;"SK120900000843098281";"Spárované";1;"20260217253";"Presná zhoda";653,72 €;"Jana Tvorivá - Creative Studio"
"20260219068";980,63 €;3.3.2026 0:00:00;"SK401100000546248793";"Spárované";1;"20260219068";"Presná zhoda";980,63 €;"Alza.cz a.s."
"20260225079";1085,74 €;3.3.2026 0:00:00;"SK690900000214863061";"Spárované";1;"20260225079";"Presná zhoda";1085,74 €;"Ing. Pavol Vnuk - NORPAL"
"2026020021";-183,55 €;2.3.2026 0:00:00;"SK9709000000000000000006";"Spárované";1;"2026020021";"Presná zhoda";367,10 €;"KROS a.s."
"2026020023";-151,20 €;2.3.2026 0:00:00;"SK9709000000000000000006";"Spárované";1;"2026020023";"Presná zhoda";756,02 €;"KROS a.s."
"20260217061";608,09 €;2.3.2026 0:00:00;"SK791100000572763800";"Spárované";1;"20260217061";"Presná zhoda";608,09 €;"Ing. Pavol Vnuk - NORPAL"
"20260219066";347,68 €;2.3.2026 0:00:00;"SK391100000078957557";"Spárované";1;"20260219066";"Presná zhoda";347,68 €;"British Airways"
"20260219067";824,32 €;2.3.2026 0:00:00;"SK491100000155300557";"Spárované";1;"20260219067";"Presná zhoda";824,32 €;"Lucia Prekladová - LINGUA"
"20260223266";515,15 €;2.3.2026 0:00:00;"SK280900000153259456";"Spárované";1;"20260223266";"Presná zhoda";515,15 €;"Ing. Pavol Vnuk - NORPAL"
"20260226082";495,33 €;2.3.2026 0:00:00;"SK820900000947472750";"Spárované";1;"20260226082";"Presná zhoda";495,33 €;"Jana Tvorivá - Creative Studio"
"2026020019";-199,34 €;1.3.2026 0:00:00;"SK9709000000000000000006";"Spárované";1;"2026020019";"Presná zhoda";996,69 €;"KROS a.s."
"20260202220";261,19 €;1.3.2026 0:00:00;"CZ8701000000000000000019";"Spárované";1;"20260202220";"Presná zhoda";522,38 €;"Alza.cz a.s."
"20260209044";99,11 €;1.3.2026 0:00:00;"CZ8701000000000000000019";"Spárované";1;"20260209044";"Presná zhoda";495,57 €;"Alza.cz a.s."
"20260210047";521,26 €;1.3.2026 0:00:00;"SK301100000446959793";"Spárované";1;"20260210047";"Presná zhoda";1350,80 €;"British Airways"
"20260211242";120,38 €;1.3.2026 0:00:00;"SK170900000009205639";"Spárované";1;"20260211242";"Presná zhoda";601,88 €;"Ing. Pavol Vnuk - NORPAL"
"20260224075";112,92 €;1.3.2026 0:00:00;"SK140900000723379134";"Spárované";1;"20260224075";"Presná zhoda";564,58 €;"Jana Tvorivá - Creative Studio"
"20260226083";307,50 €;1.3.2026 0:00:00;"SK250900000131128311";"Spárované";1;"20260226083";"Presná zhoda";307,50 €;"Jana Tvorivá - Creative Studio"
"2026020015";-1329,43 €;28.2.2026 0:00:00;"SK761100000231681525";"Spárované";1;"2026020015";"Presná zhoda";1329,43 €;"KROS a.s."
"2026020016";-1170,44 €;28.2.2026 0:00:00;"SK9709000000000000000006";"Spárované";1;"2026020016";"Presná zhoda";1170,44 €;"KROS a.s."
"20260216250";337,65 €;28.2.2026 0:00:00;"SK770900000715802847";"Spárované";1;"20260216250";"Presná zhoda";337,65 €;"British Airways"
"20260220261";557,71 €;28.2.2026 0:00:00;"SK2509000000000000000022";"Spárované";1;"20260220261";"Presná zhoda";557,71 €;"Lucia Prekladová - LINGUA"
"20260220262";612,15 €;28.2.2026 0:00:00;"SK380900000734861850";"Spárované";1;"20260220262";"Presná zhoda";612,15 €;"Ing. Pavol Vnuk - NORPAL"
"20260224267";83,28 €;28.2.2026 0:00:00;"SK2509000000000000000022";"Spárované";1;"20260224267";"Presná zhoda";166,55 €;"Lucia Prekladová - LINGUA"
"20260225078";116,00 €;28.2.2026 0:00:00;"SK630900000327138304";"Spárované";1;"20260225078";"Presná zhoda";580,01 €;"Ing. Pavol Vnuk - NORPAL"
"20260226274";1343,60 €;28.2.2026 0:00:00;"SK150900000505681812";"Spárované";1;"20260226274";"Presná zhoda";1343,60 €;"Ing. Pavol Vnuk - NORPAL"
"POPLATOK 02/2026";-7,50 €;28.2.2026 0:00:00;"";"Nespárované";0;;"-";;
"2026002";75,00 €;27.2.2026 0:00:00;"SK820900000066689491";"Spárované";1;"2026002";"Presná zhoda";150,00 €;"British Airways"
"20260128018";1580,24 €;27.2.2026 0:00:00;"SK170900000024584829";"Spárované";1;"20260128018";"Presná zhoda";1580,24 €;"British Airways"
"2026020017";-689,37 €;27.2.2026 0:00:00;"SK201100000317782878";"Spárované";1;"2026020017";"Presná zhoda";1378,73 €;"KROS a.s."
"20260205228";167,54 €;27.2.2026 0:00:00;"CZ8701000000000000000019";"Spárované";1;"20260205228";"Presná zhoda";335,07 €;"Alza.cz a.s."
"20260213248";263,23 €;27.2.2026 0:00:00;"CZ8701000000000000000019";"Spárované";1;"20260213248";"Presná zhoda";263,23 €;"Alza.cz a.s."
"20260218065";1012,21 €;27.2.2026 0:00:00;"SK130900000682118713";"Spárované";1;"20260218065";"Presná zhoda";1012,21 €;"Jana Tvorivá - Creative Studio"
"20260218255";1397,23 €;27.2.2026 0:00:00;"SK360900000481903016";"Spárované";1;"20260218255";"Presná zhoda";1397,23 €;"Ing. Pavol Vnuk - NORPAL"
"20260224269";710,44 €;27.2.2026 0:00:00;"SK2509000000000000000022";"Spárované";1;"20260224269";"Presná zhoda";1420,89 €;"Lucia Prekladová - LINGUA"
"2026020012";-662,89 €;26.2.2026 0:00:00;"SK9709000000000000000006";"Spárované";1;"2026020012";"Presná zhoda";1325,79 €;"KROS a.s."
"20260203031";398,30 €;26.2.2026 0:00:00;"SK300900000356732487";"Spárované";1;"20260203031";"Presná zhoda";796,60 €;"British Airways"
"20260210046";76,21 €;26.2.2026 0:00:00;"SK2509000000000000000022";"Nespárované";0;;"-";;
"20260211049";195,03 €;26.2.2026 0:00:00;"SK2509000000000000000022";"Spárované";1;"20260211049";"Presná zhoda";539,68 €;"Flux a.s."
"20260212053";1451,64 €;26.2.2026 0:00:00;"SK520900000833480953";"Spárované";1;"20260212053";"Presná zhoda";1451,64 €;"Jana Tvorivá - Creative Studio"
"20260219258";306,79 €;26.2.2026 0:00:00;"SK530900000141399860";"Spárované";1;"20260219258";"Presná zhoda";306,79 €;"Jana Tvorivá - Creative Studio"
"20260220069";436,64 €;26.2.2026 0:00:00;"SK400900000274333715";"Spárované";1;"20260220069";"Presná zhoda";436,64 €;"Ing. Pavol Vnuk - NORPAL"
"20260220071";194,90 €;26.2.2026 0:00:00;"SK870900000535029589";"Spárované";1;"20260220071";"Presná zhoda";389,80 €;"Flux a.s."
"2026020008";-302,10 €;25.2.2026 0:00:00;"SK9709000000000000000006";"Spárované";1;"2026020008";"Presná zhoda";604,20 €;"KROS a.s."
"20260212051";1515,81 €;25.2.2026 0:00:00;"SK940900000420745312";"Spárované";1;"20260212051";"Presná zhoda";1515,81 €;"Jana Tvorivá - Creative Studio"
"20260213246";297,41 €;25.2.2026 0:00:00;"SK750900000961301087";"Spárované";1;"20260213246";"Presná zhoda";297,41 €;"Ing. Pavol Vnuk - NORPAL"
"20260218257";281,10 €;25.2.2026 0:00:00;"SK2509000000000000000022";"Spárované";1;"20260218257";"Presná zhoda";281,10 €;"Lucia Prekladová - LINGUA"
"20260220070";246,70 €;25.2.2026 0:00:00;"SK2509000000000000000022";"Spárované";1;"20260220070";"Presná zhoda";1233,48 €;"Lucia Prekladová - LINGUA"
"20260210045";638,57 €;24.2.2026 0:00:00;"SK231100000890390276";"Spárované";1;"20260210045";"Presná zhoda";1277,14 €;"Lucia Prekladová - LINGUA"
"20260210047";1350,80 €;24.2.2026 0:00:00;"SK510900000387696086";"Spárované";1;"20260210047";"Presná zhoda";1350,80 €;"British Airways"
"20260212245";437,45 €;24.2.2026 0:00:00;"SK830900000269353449";"Spárované";1;"20260212245";"Presná zhoda";437,45 €;"Flux a.s."
"20260223265";576,06 €;24.2.2026 0:00:00;"SK900900000652030765";"Spárované";1;"20260223265";"Presná zhoda";576,06 €;"Jana Tvorivá - Creative Studio"
"20260216249";825,22 €;23.2.2026 0:00:00;"SK830900000917071401";"Spárované";1;"20260216249";"Presná zhoda";825,22 €;"British Airways"
"1292026";4450,00 €;22.2.2026 0:00:00;"CZ8701000000000000000019";"Spárované";1;"1292026";"Presná zhoda";8900,00 €;"Alza.cz a.s."
"20260128212";167,81 €;22.2.2026 0:00:00;"CZ8701000000000000000019";"Spárované";1;"20260128212";"Presná zhoda";839,05 €;"Alza.cz a.s."
"2026020013";-102,33 €;22.2.2026 0:00:00;"SK9709000000000000000006";"Spárované";1;"2026020013";"Presná zhoda";511,64 €;"KROS a.s."
"2026020018";-1383,43 €;22.2.2026 0:00:00;"SK9709000000000000000006";"Spárované";1;"2026020018";"Presná zhoda";1383,43 €;"KROS a.s."
"20260211049";539,68 €;22.2.2026 0:00:00;"SK990900000598827957";"Spárované";1;"20260211049";"Presná zhoda";539,68 €;"Flux a.s."
"20260213055";420,92 €;22.2.2026 0:00:00;"SK190900000165012061";"Spárované";1;"20260213055";"Presná zhoda";420,92 €;"Flux a.s."
"20260216059";658,97 €;22.2.2026 0:00:00;"SK720900000247847795";"Spárované";1;"20260216059";"Presná zhoda";658,97 €;"Flux a.s."
"20260217253";130,74 €;22.2.2026 0:00:00;"SK120900000843098281";"Spárované";1;"20260217253";"Presná zhoda";653,72 €;"Jana Tvorivá - Creative Studio"
"20260219259";807,87 €;22.2.2026 0:00:00;"SK2509000000000000000022";"Spárované";1;"20260219259";"Presná zhoda";807,87 €;"Lucia Prekladová - LINGUA"
"20260002";425,00 €;21.2.2026 0:00:00;"SK401100000652982532";"Spárované";1;"20260002";"Presná zhoda";850,00 €;"British Airways"
"2026020010";-155,14 €;21.2.2026 0:00:00;"SK9709000000000000000006";"Spárované";1;"2026020010";"Presná zhoda";775,70 €;"KROS a.s."
"2026020017";-689,36 €;21.2.2026 0:00:00;"SK201100000317782878";"Spárované";1;"2026020017";"Presná zhoda";1378,73 €;"KROS a.s."
"2026020019";-199,34 €;21.2.2026 0:00:00;"SK9709000000000000000006";"Spárované";1;"2026020019";"Presná zhoda";996,69 €;"KROS a.s."
"20260205229";71,42 €;21.2.2026 0:00:00;"SK2509000000000000000022";"Spárované";1;"20260205229";"Presná zhoda";357,11 €;"Lucia Prekladová - LINGUA"
"20260216251";789,74 €;21.2.2026 0:00:00;"SK920900000021912872";"Spárované";1;"20260216251";"Presná zhoda";789,74 €;"Jana Tvorivá - Creative Studio"
"2026020014";-1122,00 €;20.2.2026 0:00:00;"SK131100000446564673";"Spárované";1;"2026020014";"Presná zhoda";1122,00 €;"KROS a.s."
"20260204035";230,05 €;20.2.2026 0:00:00;"SK550900000857805191";"Spárované";1;"20260204035";"Presná zhoda";1440,03 €;"British Airways"
"20260206231";1283,75 €;20.2.2026 0:00:00;"SK2509000000000000000022";"Spárované";1;"20260206231";"Presná zhoda";1283,75 €;"Lucia Prekladová - LINGUA"
"20260210045";114,16 €;20.2.2026 0:00:00;"SK2509000000000000000022";"Spárované";1;"20260210045";"Presná zhoda";1277,14 €;"Lucia Prekladová - LINGUA"
"20260211050";969,43 €;20.2.2026 0:00:00;"SK630900000670759796";"Spárované";1;"20260211050";"Presná zhoda";969,43 €;"Ing. Pavol Vnuk - NORPAL"
"20260212243";311,88 €;20.2.2026 0:00:00;"SK830900000186458647";"Spárované";1;"20260212243";"Presná zhoda";1559,42 €;"Flux a.s."
"20260216057";998,95 €;20.2.2026 0:00:00;"SK770900000961892484";"Spárované";1;"20260216057";"Presná zhoda";998,95 €;"Jana Tvorivá - Creative Studio"
"20260218063";1498,27 €;20.2.2026 0:00:00;"SK900900000490225433";"Spárované";1;"20260218063";"Presná zhoda";1498,27 €;"Flux a.s."
"20260041";1800,00 €;19.2.2026 0:00:00;"SK510900000690419792";"Spárované";1;"20260041";"Presná zhoda";1800,00 €;"Flux a.s."
"20260128020";165,09 €;19.2.2026 0:00:00;"CZ8701000000000000000019";"Nespárované";0;;"-";;
"2026020009";-293,31 €;19.2.2026 0:00:00;"SK9709000000000000000006";"Spárované";1;"2026020009";"Presná zhoda";1466,57 €;"KROS a.s."
"20260202219";96,50 €;19.2.2026 0:00:00;"SK220900000605646252";"Spárované";1;"20260202219";"Presná zhoda";193,00 €;"Flux a.s."
"20260211050";471,87 €;19.2.2026 0:00:00;"SK2509000000000000000022";"Spárované";1;"20260211050";"Presná zhoda";471,87 €;"Lucia Prekladová - LINGUA"
"9988413";1250,00 €;19.2.2026 0:00:00;"CZ8701000000000000000019";"Spárované";1;"9988413";"Presná zhoda";2500,00 €;"Alza.cz a.s."
"20260037";220,00 €;18.2.2026 0:00:00;"SK610900000760512887";"Spárované";1;"20260037";"Presná zhoda";1100,00 €;"British Airways"
"20260121003";269,36 €;18.2.2026 0:00:00;"SK480900000559183358";"Spárované";1;"20260121003";"Presná zhoda";1346,82 €;"British Airways"
"20260128211";117,32 €;18.2.2026 0:00:00;"SK120900000890084086";"Spárované";1;"20260128211";"Presná zhoda";586,58 €;"British Airways"
"20260202221";265,01 €;18.2.2026 0:00:00;"SK2509000000000000000022";"Spárované";1;"20260202221";"Presná zhoda";1325,07 €;"Lucia Prekladová - LINGUA"
"20260205037";410,66 €;18.2.2026 0:00:00;"SK380900000009360611";"Spárované";1;"20260205037";"Presná zhoda";410,66 €;"Ing. Pavol Vnuk - NORPAL"
"20260205038";585,33 €;18.2.2026 0:00:00;"SK800900000005278825";"Spárované";1;"20260205038";"Presná zhoda";706,66 €;"Ing. Pavol Vnuk - NORPAL"
"20260213054";636,03 €;18.2.2026 0:00:00;"SK560900000942725538";"Spárované";1;"20260213054";"Presná zhoda";636,03 €;"Jana Tvorivá - Creative Studio"
"2102026";3300,00 €;18.2.2026 0:00:00;"CZ8701000000000000000019";"Spárované";1;"2102026";"Presná zhoda";3300,00 €;"Alza.cz a.s."
"20260040";350,00 €;17.2.2026 0:00:00;"SK310900000679014980";"Spárované";1;"20260040";"Presná zhoda";350,00 €;"Jana Tvorivá - Creative Studio"
"2026020002";-295,06 €;17.2.2026 0:00:00;"SK9709000000000000000006";"Spárované";1;"2026020002";"Presná zhoda";1475,32 €;"KROS a.s."
"2026020013";-102,33 €;17.2.2026 0:00:00;"SK9709000000000000000006";"Spárované";1;"2026020013";"Presná zhoda";511,64 €;"KROS a.s."
"20260204226";682,01 €;17.2.2026 0:00:00;"SK790900000212094604";"Spárované";1;"20260204226";"Presná zhoda";682,01 €;"Jana Tvorivá - Creative Studio"
"20260206039";511,67 €;17.2.2026 0:00:00;"SK170900000820793627";"Spárované";1;"20260206039";"Presná zhoda";511,67 €;"Ing. Pavol Vnuk - NORPAL"
"20260210046";873,39 €;17.2.2026 0:00:00;"SK2509000000000000000022";"Nespárované";0;;"-";;
"20260210238";137,06 €;17.2.2026 0:00:00;"SK701100000648047684";"Spárované";1;"20260210238";"Presná zhoda";137,06 €;"Ing. Pavol Vnuk - NORPAL"
"20260216058";1362,18 €;17.2.2026 0:00:00;"SK2509000000000000000022";"Spárované";1;"20260216058";"Presná zhoda";1362,18 €;"Lucia Prekladová - LINGUA"
"20260039";450,00 €;16.2.2026 0:00:00;"SK2509000000000000000022";"Spárované";1;"20260039";"Presná zhoda";450,00 €;"Lucia Prekladová - LINGUA"
"2026020007";-35,09 €;16.2.2026 0:00:00;"SK9709000000000000000006";"Spárované";1;"2026020007";"Presná zhoda";175,46 €;"KROS a.s."
"20260206041";214,45 €;16.2.2026 0:00:00;"SK880900000824176429";"Spárované";1;"20260206041";"Presná zhoda";1072,26 €;"Jana Tvorivá - Creative Studio"
"20260209043";717,10 €;16.2.2026 0:00:00;"SK700900000837665080";"Spárované";1;"20260209043";"Presná zhoda";717,10 €;"British Airways"
"20260210045";638,57 €;16.2.2026 0:00:00;"SK231100000890390276";"Spárované";1;"20260210045";"Presná zhoda";1277,14 €;"Lucia Prekladová - LINGUA"
"20260210047";521,26 €;16.2.2026 0:00:00;"SK301100000446959793";"Spárované";1;"20260210047";"Presná zhoda";1350,80 €;"British Airways"
"20260129214";724,41 €;15.2.2026 0:00:00;"SK2509000000000000000022";"Spárované";1;"20260129214";"Presná zhoda";1448,82 €;"Lucia Prekladová - LINGUA"
"20260210045";114,16 €;15.2.2026 0:00:00;"SK2509000000000000000022";"Spárované";1;"20260210045";"Presná zhoda";1277,14 €;"Lucia Prekladová - LINGUA"
"20260210046";76,22 €;15.2.2026 0:00:00;"SK2509000000000000000022";"Nespárované";0;;"-";;
"20260210237";512,41 €;15.2.2026 0:00:00;"SK2509000000000000000022";"Spárované";1;"20260210237";"Presná zhoda";512,41 €;"Lucia Prekladová - LINGUA"
"20260211242";120,38 €;15.2.2026 0:00:00;"SK170900000009205639";"Spárované";1;"20260211242";"Presná zhoda";601,88 €;"Ing. Pavol Vnuk - NORPAL"
"20260212243";311,88 €;15.2.2026 0:00:00;"SK830900000186458647";"Spárované";1;"20260212243";"Presná zhoda";1559,42 €;"Flux a.s."
"2026020011";-1588,96 €;14.2.2026 0:00:00;"SK9709000000000000000006";"Spárované";1;"2026020011";"Presná zhoda";1588,96 €;"KROS a.s."
"2026020012";-662,90 €;14.2.2026 0:00:00;"SK9709000000000000000006";"Spárované";1;"2026020012";"Presná zhoda";1325,79 €;"KROS a.s."
"20260209235";439,18 €;14.2.2026 0:00:00;"SK100900000575016915";"Spárované";1;"20260209235";"Presná zhoda";439,18 €;"Ing. Pavol Vnuk - NORPAL"
"20260210239";1517,16 €;14.2.2026 0:00:00;"SK611100000474580168";"Spárované";1;"20260210239";"Presná zhoda";1517,16 €;"Jana Tvorivá - Creative Studio"
"20260211048";772,19 €;14.2.2026 0:00:00;"CZ8701000000000000000019";"Spárované";1;"20260211048";"Presná zhoda";772,19 €;"Alza.cz a.s."
"2026010014";-835,25 €;13.2.2026 0:00:00;"SK9709000000000000000006";"Spárované";1;"2026010014";"Presná zhoda";835,25 €;"KROS a.s."
"2026010015";-222,52 €;13.2.2026 0:00:00;"SK9709000000000000000006";"Spárované";1;"2026010015";"Presná zhoda";222,52 €;"KROS a.s."
"2026010016";-113,20 €;13.2.2026 0:00:00;"SK9709000000000000000006";"Spárované";1;"2026010016";"Presná zhoda";113,20 €;"KROS a.s."
"20260130217";267,56 €;13.2.2026 0:00:00;"SK2509000000000000000022";"Spárované";1;"20260130217";"Presná zhoda";1337,82 €;"Lucia Prekladová - LINGUA"
"20260202027";1330,71 €;13.2.2026 0:00:00;"SK380900000018556892";"Spárované";1;"20260202027";"Presná zhoda";1330,71 €;"British Airways"
"20260202029";620,56 €;13.2.2026 0:00:00;"SK2509000000000000000022";"Spárované";1;"20260202029";"Presná zhoda";620,56 €;"Lucia Prekladová - LINGUA"
"20260204225";763,61 €;13.2.2026 0:00:00;"SK130900000684172271";"Spárované";1;"20260204225";"Presná zhoda";1527,22 €;"Ing. Pavol Vnuk - NORPAL"
"20260206233";469,77 €;13.2.2026 0:00:00;"SK650900000199193894";"Spárované";1;"20260206233";"Presná zhoda";469,77 €;"British Airways"
"20260209042";773,91 €;13.2.2026 0:00:00;"SK2509000000000000000022";"Spárované";1;"20260209042";"Presná zhoda";773,91 €;"Lucia Prekladová - LINGUA"
"20260211049";195,03 €;13.2.2026 0:00:00;"SK2509000000000000000022";"Spárované";1;"20260211049";"Presná zhoda";539,68 €;"Flux a.s."
"20260127015";169,33 €;12.2.2026 0:00:00;"SK550900000559757708";"Spárované";1;"20260127015";"Presná zhoda";781,70 €;"Lucia Prekladová - LINGUA"
"20260127015";156,34 €;12.2.2026 0:00:00;"SK221100000281711935";"Spárované";1;"20260127015";"Presná zhoda";781,70 €;"Lucia Prekladová - LINGUA"
"20260129023";205,97 €;12.2.2026 0:00:00;"SK631100000383192061";"Spárované";1;"20260129023";"Presná zhoda";1029,86 €;"Jana Tvorivá - Creative Studio"
"20260130026";1414,04 €;12.2.2026 0:00:00;"SK280900000783912955";"Spárované";1;"20260130026";"Presná zhoda";1414,04 €;"Flux a.s."
"20260130026";771,46 €;12.2.2026 0:00:00;"SK560900000813229977";"Spárované";1;"20260130026";"Presná zhoda";771,46 €;"Ing. Pavol Vnuk - NORPAL"
"2026020001";-9,18 €;12.2.2026 0:00:00;"SK101100000198845743";"Spárované";1;"2026020001";"Presná zhoda";45,90 €;"KROS a.s."
"2026020008";-302,10 €;12.2.2026 0:00:00;"SK9709000000000000000006";"Spárované";1;"2026020008";"Presná zhoda";604,20 €;"KROS a.s."
"20260202027";317,11 €;12.2.2026 0:00:00;"SK190900000316839873";"Spárované";1;"20260202027";"Presná zhoda";1330,71 €;"British Airways"
"20260203031";234,77 €;12.2.2026 0:00:00;"SK580900000031858980";"Spárované";1;"20260203031";"Presná zhoda";234,77 €;"Flux a.s."
"20260205037";444,05 €;12.2.2026 0:00:00;"SK461100000749169170";"Spárované";1;"20260205037";"Presná zhoda";444,05 €;"Flux a.s."
"20260206041";981,88 €;12.2.2026 0:00:00;"SK750900000037583291";"Spárované";1;"20260206041";"Presná zhoda";1072,26 €;"Jana Tvorivá - Creative Studio"
"20260209042";1038,57 €;12.2.2026 0:00:00;"SK141100000708703040";"Spárované";1;"20260209042";"Presná zhoda";1038,57 €;"Ing. Pavol Vnuk - NORPAL"
"20260043";1200,00 €;11.2.2026 0:00:00;"SK440900000083845615";"Spárované";1;"20260043";"Presná zhoda";1200,00 €;"Ing. Pavol Vnuk - NORPAL"
"2026020003";-1269,62 €;11.2.2026 0:00:00;"SK9709000000000000000006";"Spárované";1;"2026020003";"Presná zhoda";1269,62 €;"KROS a.s."
"2026020009";-293,31 €;11.2.2026 0:00:00;"SK9709000000000000000006";"Spárované";1;"2026020009";"Presná zhoda";1466,57 €;"KROS a.s."
"20260204034";813,72 €;11.2.2026 0:00:00;"SK480900000484352051";"Spárované";1;"20260204034";"Presná zhoda";813,72 €;"Ing. Pavol Vnuk - NORPAL"
"20260205230";1091,92 €;11.2.2026 0:00:00;"SK160900000674417793";"Spárované";1;"20260205230";"Presná zhoda";1091,92 €;"Flux a.s."
"20260206039";122,82 €;11.2.2026 0:00:00;"SK180900000619904100";"Spárované";1;"20260206039";"Presná zhoda";511,67 €;"Ing. Pavol Vnuk - NORPAL"
"20260209043";632,07 €;11.2.2026 0:00:00;"SK400900000054633140";"Spárované";1;"20260209043";"Presná zhoda";632,07 €;"Jana Tvorivá - Creative Studio"
"20260042";750,00 €;10.2.2026 0:00:00;"SK530900000392115532";"Spárované";1;"20260042";"Presná zhoda";750,00 €;"British Airways"
"20260127017";1220,07 €;10.2.2026 0:00:00;"SK950900000288805484";"Spárované";1;"20260127017";"Presná zhoda";1220,07 €;"British Airways"
"2026020005";-1340,90 €;10.2.2026 0:00:00;"SK9709000000000000000006";"Spárované";1;"2026020005";"Presná zhoda";1340,90 €;"KROS a.s."
"2026020007";-35,09 €;10.2.2026 0:00:00;"SK9709000000000000000006";"Spárované";1;"2026020007";"Presná zhoda";175,46 €;"KROS a.s."
"20260204033";1435,08 €;10.2.2026 0:00:00;"SK2509000000000000000022";"Nespárované";0;;"-";;
"20260209234";1468,62 €;10.2.2026 0:00:00;"SK140900000370047986";"Spárované";1;"20260209234";"Presná zhoda";1468,62 €;"British Airways"
"2022026";5200,00 €;9.2.2026 0:00:00;"CZ8701000000000000000019";"Spárované";1;"2022026";"Presná zhoda";5200,00 €;"Alza.cz a.s."
"2026010013";-1574,33 €;9.2.2026 0:00:00;"SK9709000000000000000006";"Spárované";1;"2026010013";"Presná zhoda";1574,33 €;"KROS a.s."
"20260123011";762,17 €;9.2.2026 0:00:00;"SK390900000895724057";"Spárované";1;"20260123011";"Presná zhoda";1524,34 €;"Jana Tvorivá - Creative Studio"
"20260126013";249,37 €;9.2.2026 0:00:00;"SK2509000000000000000022";"Spárované";1;"20260126013";"Presná zhoda";1058,59 €;"Jana Tvorivá - Creative Studio"
"2026020006";-1526,74 €;9.2.2026 0:00:00;"SK9709000000000000000006";"Spárované";1;"2026020006";"Presná zhoda";1526,74 €;"KROS a.s."
"2026020010";-155,14 €;9.2.2026 0:00:00;"SK9709000000000000000006";"Spárované";1;"2026020010";"Presná zhoda";775,70 €;"KROS a.s."
"20260202029";924,95 €;9.2.2026 0:00:00;"SK340900000750715612";"Spárované";1;"20260202029";"Presná zhoda";924,95 €;"Jana Tvorivá - Creative Studio"
"20260203222";343,63 €;9.2.2026 0:00:00;"SK790900000051243543";"Spárované";1;"20260203222";"Presná zhoda";343,63 €;"Ing. Pavol Vnuk - NORPAL"
"20260204227";1126,29 €;9.2.2026 0:00:00;"SK320900000827182113";"Spárované";1;"20260204227";"Presná zhoda";1126,29 €;"British Airways"
"20260129021";371,01 €;8.2.2026 0:00:00;"SK790900000442330717";"Spárované";1;"20260129021";"Presná zhoda";742,01 €;"Jana Tvorivá - Creative Studio"
"2026020004";-911,39 €;8.2.2026 0:00:00;"SK9709000000000000000006";"Spárované";1;"2026020004";"Presná zhoda";911,39 €;"KROS a.s."
"20260202219";96,50 €;8.2.2026 0:00:00;"SK220900000605646252";"Spárované";1;"20260202219";"Presná zhoda";193,00 €;"Flux a.s."
"20260203030";635,85 €;8.2.2026 0:00:00;"SK2509000000000000000022";"Nespárované";0;;"-";;
"20260206041";214,45 €;8.2.2026 0:00:00;"SK880900000824176429";"Spárované";1;"20260206041";"Presná zhoda";1072,26 €;"Jana Tvorivá - Creative Studio"
"20260038";1200,00 €;7.2.2026 0:00:00;"SK700900000679286002";"Spárované";1;"20260038";"Presná zhoda";1200,00 €;"Ing. Pavol Vnuk - NORPAL"
"2026010007";-51,91 €;7.2.2026 0:00:00;"SK9709000000000000000006";"Spárované";1;"2026010007";"Presná zhoda";259,54 €;"KROS a.s."
"2026010012";-838,67 €;7.2.2026 0:00:00;"SK9709000000000000000006";"Spárované";1;"2026010012";"Presná zhoda";838,67 €;"KROS a.s."
"20260130025";125,81 €;7.2.2026 0:00:00;"SK810900000108379721";"Spárované";1;"20260130025";"Presná zhoda";1174,20 €;"Lucia Prekladová - LINGUA"
"2026020001";-9,18 €;7.2.2026 0:00:00;"SK101100000198845743";"Spárované";1;"2026020001";"Presná zhoda";45,90 €;"KROS a.s."
"2026020002";-295,06 €;7.2.2026 0:00:00;"SK9709000000000000000006";"Spárované";1;"2026020002";"Presná zhoda";1475,32 €;"KROS a.s."
"20260204033";1020,10 €;7.2.2026 0:00:00;"SK2509000000000000000022";"Nespárované";0;;"-";;
"20260204034";500,73 €;7.2.2026 0:00:00;"SK140900000553102969";"Spárované";1;"20260204034";"Presná zhoda";500,73 €;"Jana Tvorivá - Creative Studio"
"20260204035";230,06 €;7.2.2026 0:00:00;"SK550900000857805191";"Spárované";1;"20260204035";"Presná zhoda";1440,03 €;"British Airways"
"20260204225";763,61 €;7.2.2026 0:00:00;"SK130900000684172271";"Spárované";1;"20260204225";"Presná zhoda";1527,22 €;"Ing. Pavol Vnuk - NORPAL"
"20260205229";71,42 €;7.2.2026 0:00:00;"SK2509000000000000000022";"Spárované";1;"20260205229";"Presná zhoda";357,11 €;"Lucia Prekladová - LINGUA"
"2026002";75,00 €;6.2.2026 0:00:00;"SK820900000066689491";"Spárované";1;"2026002";"Presná zhoda";150,00 €;"British Airways"
"20260123010";188,35 €;6.2.2026 0:00:00;"SK770900000622947215";"Spárované";1;"20260123010";"Presná zhoda";941,74 €;"Jana Tvorivá - Creative Studio"
"20260126014";1220,71 €;6.2.2026 0:00:00;"SK2509000000000000000022";"Spárované";1;"20260126014";"Presná zhoda";1220,71 €;"Lucia Prekladová - LINGUA"
"20260128018";1333,67 €;6.2.2026 0:00:00;"SK790900000327193140";"Spárované";1;"20260128018";"Presná zhoda";1580,24 €;"British Airways"
"20260129022";1034,51 €;6.2.2026 0:00:00;"SK350900000422166347";"Spárované";1;"20260129022";"Presná zhoda";1034,51 €;"Flux a.s."
"20260202221";265,01 €;6.2.2026 0:00:00;"SK2509000000000000000022";"Spárované";1;"20260202221";"Presná zhoda";1325,07 €;"Lucia Prekladová - LINGUA"
"20260203030";1453,49 €;6.2.2026 0:00:00;"SK2509000000000000000022";"Nespárované";0;;"-";;
"20260203223";909,43 €;6.2.2026 0:00:00;"SK2509000000000000000022";"Spárované";1;"20260203223";"Presná zhoda";909,43 €;"Lucia Prekladová - LINGUA"
"20260205038";706,66 €;6.2.2026 0:00:00;"SK690900000900515615";"Spárované";1;"20260205038";"Presná zhoda";706,66 €;"Ing. Pavol Vnuk - NORPAL"
"2026010011";-237,09 €;5.2.2026 0:00:00;"SK9709000000000000000006";"Spárované";1;"2026010011";"Presná zhoda";1185,47 €;"KROS a.s."
"20260128019";235,35 €;5.2.2026 0:00:00;"SK440900000590834855";"Spárované";1;"20260128019";"Presná zhoda";251,39 €;"Lucia Prekladová - LINGUA"
"20260130025";1174,20 €;5.2.2026 0:00:00;"SK2509000000000000000022";"Spárované";1;"20260130025";"Presná zhoda";1174,20 €;"Lucia Prekladová - LINGUA"
"20260121195";203,69 €;4.2.2026 0:00:00;"SK690900000829439818";"Spárované";1;"20260121195";"Presná zhoda";1018,43 €;"Ing. Pavol Vnuk - NORPAL"
"20260122006";1114,66 €;4.2.2026 0:00:00;"SK2509000000000000000022";"Nespárované";0;;"-";;
"20260122199";1413,75 €;4.2.2026 0:00:00;"SK141100000766363918";"Spárované";1;"20260122199";"Presná zhoda";1413,75 €;"Flux a.s."
"20260127016";1497,97 €;4.2.2026 0:00:00;"CZ8701000000000000000019";"Spárované";1;"20260127016";"Presná zhoda";1497,97 €;"Alza.cz a.s."
"20260129214";724,41 €;4.2.2026 0:00:00;"SK2509000000000000000022";"Spárované";1;"20260129214";"Presná zhoda";1448,82 €;"Lucia Prekladová - LINGUA"
"20260130217";267,56 €;4.2.2026 0:00:00;"SK2509000000000000000022";"Spárované";1;"20260130217";"Presná zhoda";1337,82 €;"Lucia Prekladová - LINGUA"
"20260123009";570,14 €;3.2.2026 0:00:00;"SK140900000049082398";"Spárované";1;"20260123009";"Presná zhoda";1140,28 €;"Ing. Pavol Vnuk - NORPAL"
"20260126014";260,03 €;3.2.2026 0:00:00;"SK770900000842608749";"Spárované";1;"20260126014";"Presná zhoda";1220,71 €;"Lucia Prekladová - LINGUA"
"20260126205";419,84 €;3.2.2026 0:00:00;"SK930900000637627899";"Spárované";1;"20260126205";"Presná zhoda";419,84 €;"Flux a.s."
"20260128020";513,91 €;3.2.2026 0:00:00;"CZ8701000000000000000019";"Nespárované";0;;"-";;
"20260002";425,00 €;2.2.2026 0:00:00;"SK401100000652982532";"Spárované";1;"20260002";"Presná zhoda";850,00 €;"British Airways"
"20260120193";411,81 €;2.2.2026 0:00:00;"SK271100000190435230";"Spárované";1;"20260120193";"Presná zhoda";823,63 €;"Ing. Pavol Vnuk - NORPAL"
"20260122006";436,69 €;2.2.2026 0:00:00;"SK2509000000000000000022";"Nespárované";0;;"-";;
"20260123009";258,88 €;2.2.2026 0:00:00;"SK760900000908143400";"Spárované";1;"20260123009";"Presná zhoda";1140,28 €;"Ing. Pavol Vnuk - NORPAL"
"20260123201";757,51 €;2.2.2026 0:00:00;"SK2509000000000000000022";"Spárované";1;"20260123201";"Presná zhoda";757,51 €;"Lucia Prekladová - LINGUA"
"20260127015";169,32 €;2.2.2026 0:00:00;"SK550900000559757708";"Spárované";1;"20260127015";"Presná zhoda";781,70 €;"Lucia Prekladová - LINGUA"
"20260128210";500,30 €;2.2.2026 0:00:00;"SK220900000006325900";"Spárované";1;"20260128210";"Presná zhoda";500,30 €;"British Airways"
"20260129021";371,00 €;2.2.2026 0:00:00;"SK790900000442330717";"Spárované";1;"20260129021";"Presná zhoda";742,01 €;"Jana Tvorivá - Creative Studio"
"20260129215";903,98 €;2.2.2026 0:00:00;"SK860900000463697134";"Spárované";1;"20260129215";"Presná zhoda";903,98 €;"British Airways"
"20260122198";1321,21 €;1.2.2026 0:00:00;"SK490900000644812464";"Spárované";1;"20260122198";"Presná zhoda";1321,21 €;"British Airways"
"20260127017";1200,59 €;1.2.2026 0:00:00;"SK320900000615684508";"Spárované";1;"20260127017";"Presná zhoda";1200,59 €;"British Airways"
"20260129021";635,37 €;1.2.2026 0:00:00;"SK2509000000000000000022";"Spárované";1;"20260129021";"Presná zhoda";635,37 €;"Lucia Prekladová - LINGUA"
"20260129022";496,66 €;1.2.2026 0:00:00;"SK361100000980164765";"Spárované";1;"20260129022";"Presná zhoda";496,66 €;"Lucia Prekladová - LINGUA"
"20260129023";205,97 €;1.2.2026 0:00:00;"SK631100000383192061";"Spárované";1;"20260129023";"Presná zhoda";1029,86 €;"Jana Tvorivá - Creative Studio"
"20260130218";861,19 €;1.2.2026 0:00:00;"SK980900000435672282";"Spárované";1;"20260130218";"Presná zhoda";861,19 €;"Ing. Pavol Vnuk - NORPAL"
"2026010005";-24,00 €;31.1.2026 0:00:00;"SK9709000000000000000006";"Spárované";1;"2026010005";"Presná zhoda";120,00 €;"KROS a.s."
"2026010008";-234,22 €;31.1.2026 0:00:00;"SK9709000000000000000006";"Spárované";1;"2026010008";"Presná zhoda";234,22 €;"KROS a.s."
"2026010011";-237,09 €;31.1.2026 0:00:00;"SK9709000000000000000006";"Spárované";1;"2026010011";"Presná zhoda";1185,47 €;"KROS a.s."
"20260121005";1368,75 €;31.1.2026 0:00:00;"SK941100000021957337";"Spárované";1;"20260121005";"Presná zhoda";1368,75 €;"Flux a.s."
"20260122007";1351,45 €;31.1.2026 0:00:00;"SK740900000677142917";"Spárované";1;"20260122007";"Presná zhoda";1351,45 €;"Flux a.s."
"20260126013";249,36 €;31.1.2026 0:00:00;"SK2509000000000000000022";"Spárované";1;"20260126013";"Presná zhoda";1058,59 €;"Jana Tvorivá - Creative Studio"
"20260129213";644,81 €;31.1.2026 0:00:00;"SK2509000000000000000022";"Spárované";1;"20260129213";"Presná zhoda";644,81 €;"Lucia Prekladová - LINGUA"
"2026010006";-168,52 €;30.1.2026 0:00:00;"SK9709000000000000000006";"Spárované";1;"2026010006";"Presná zhoda";337,04 €;"KROS a.s."
"2026010010";-191,63 €;30.1.2026 0:00:00;"SK9709000000000000000006";"Spárované";1;"2026010010";"Presná zhoda";191,63 €;"KROS a.s."
"20260121004";1300,34 €;30.1.2026 0:00:00;"CZ8701000000000000000019";"Nespárované";0;;"-";;
"20260121005";1173,63 €;30.1.2026 0:00:00;"SK390900000967251836";"Spárované";1;"20260121005";"Presná zhoda";1368,75 €;"Flux a.s."
"20260123011";537,11 €;30.1.2026 0:00:00;"SK2509000000000000000022";"Spárované";1;"20260123011";"Presná zhoda";1524,34 €;"Jana Tvorivá - Creative Studio"
"20260123202";1468,48 €;30.1.2026 0:00:00;"SK2509000000000000000022";"Spárované";1;"20260123202";"Presná zhoda";1468,48 €;"Lucia Prekladová - LINGUA"
"20260129023";573,63 €;30.1.2026 0:00:00;"SK910900000713569878";"Spárované";1;"20260129023";"Presná zhoda";1029,86 €;"Jana Tvorivá - Creative Studio"
"1292026";4450,00 €;29.1.2026 0:00:00;"CZ8701000000000000000019";"Spárované";1;"1292026";"Presná zhoda";8900,00 €;"Alza.cz a.s."
"20260032";175,00 €;29.1.2026 0:00:00;"SK350900000133895516";"Spárované";1;"20260032";"Presná zhoda";350,00 €;"Jana Tvorivá - Creative Studio"
"20260123011";762,17 €;29.1.2026 0:00:00;"SK390900000895724057";"Spárované";1;"20260123011";"Presná zhoda";1524,34 €;"Jana Tvorivá - Creative Studio"
"20260126013";1058,59 €;29.1.2026 0:00:00;"SK190900000795620917";"Spárované";1;"20260126013";"Presná zhoda";1058,59 €;"Jana Tvorivá - Creative Studio"
"20260126206";839,13 €;29.1.2026 0:00:00;"SK240900000317849635";"Spárované";1;"20260126206";"Presná zhoda";839,13 €;"Jana Tvorivá - Creative Studio"
"20260127015";156,34 €;29.1.2026 0:00:00;"SK221100000281711935";"Spárované";1;"20260127015";"Presná zhoda";781,70 €;"Lucia Prekladová - LINGUA"
"20260127207";652,17 €;29.1.2026 0:00:00;"SK2509000000000000000022";"Spárované";1;"20260127207";"Presná zhoda";652,17 €;"Lucia Prekladová - LINGUA"
"20260128019";251,39 €;29.1.2026 0:00:00;"SK2509000000000000000022";"Spárované";1;"20260128019";"Presná zhoda";251,39 €;"Lucia Prekladová - LINGUA"
"20260120002";982,40 €;28.1.2026 0:00:00;"SK531100000230544566";"Spárované";1;"20260120002";"Presná zhoda";982,40 €;"Lucia Prekladová - LINGUA"
"20260121004";783,87 €;28.1.2026 0:00:00;"CZ8701000000000000000019";"Nespárované";0;;"-";;
"20260127209";1067,58 €;28.1.2026 0:00:00;"SK541100000803765951";"Spárované";1;"20260127209";"Presná zhoda";1067,58 €;"Ing. Pavol Vnuk - NORPAL"
"POPLATOK 01/2026";-7,50 €;28.1.2026 0:00:00;"";"Nespárované";0;;"-";;
"20260123009";570,14 €;27.1.2026 0:00:00;"SK140900000049082398";"Spárované";1;"20260123009";"Presná zhoda";1140,28 €;"Ing. Pavol Vnuk - NORPAL"
"20260123010";296,23 €;27.1.2026 0:00:00;"SK2509000000000000000022";"Spárované";1;"20260123010";"Presná zhoda";296,23 €;"Lucia Prekladová - LINGUA"
"20260123010";188,35 €;27.1.2026 0:00:00;"SK770900000622947215";"Spárované";1;"20260123010";"Presná zhoda";941,74 €;"Jana Tvorivá - Creative Studio"
"1122026";3200,00 €;26.1.2026 0:00:00;"CZ8701000000000000000019";"Spárované";1;"1122026";"Presná zhoda";3200,00 €;"Alza.cz a.s."
"20260036";60,00 €;26.1.2026 0:00:00;"SK390900000594763695";"Spárované";1;"20260036";"Presná zhoda";300,00 €;"Jana Tvorivá - Creative Studio"
"20260120193";411,82 €;26.1.2026 0:00:00;"SK271100000190435230";"Spárované";1;"20260120193";"Presná zhoda";823,63 €;"Ing. Pavol Vnuk - NORPAL"
"9988413";1250,00 €;26.1.2026 0:00:00;"CZ8701000000000000000019";"Spárované";1;"9988413";"Presná zhoda";2500,00 €;"Alza.cz a.s."
"20260120001";1409,28 €;25.1.2026 0:00:00;"SK570900000715625523";"Spárované";1;"20260120001";"Presná zhoda";1409,28 €;"Flux a.s."
"20260120002";663,55 €;25.1.2026 0:00:00;"SK560900000583412348";"Spárované";1;"20260120002";"Presná zhoda";663,55 €;"Flux a.s."
"20260120192";415,07 €;25.1.2026 0:00:00;"CZ8701000000000000000019";"Spárované";1;"20260120192";"Presná zhoda";415,07 €;"Alza.cz a.s."
"20260121003";419,64 €;25.1.2026 0:00:00;"SK300900000790330170";"Spárované";1;"20260121003";"Presná zhoda";1346,82 €;"British Airways"
"20260121195";203,69 €;25.1.2026 0:00:00;"SK690900000829439818";"Spárované";1;"20260121195";"Presná zhoda";1018,43 €;"Ing. Pavol Vnuk - NORPAL"
"2026010006";-168,52 €;24.1.2026 0:00:00;"SK9709000000000000000006";"Spárované";1;"2026010006";"Presná zhoda";337,04 €;"KROS a.s."
"2026010007";-51,91 €;24.1.2026 0:00:00;"SK9709000000000000000006";"Spárované";1;"2026010007";"Presná zhoda";259,54 €;"KROS a.s."
"20260122007";750,07 €;24.1.2026 0:00:00;"SK700900000396534025";"Spárované";1;"20260122007";"Presná zhoda";750,07 €;"Ing. Pavol Vnuk - NORPAL"
"20260123203";1129,30 €;24.1.2026 0:00:00;"SK830900000815382241";"Spárované";1;"20260123203";"Presná zhoda";1129,30 €;"Flux a.s."
"2026010009";-518,94 €;23.1.2026 0:00:00;"SK9709000000000000000006";"Spárované";1;"2026010009";"Presná zhoda";518,94 €;"KROS a.s."
"20260120194";1509,87 €;22.1.2026 0:00:00;"SK101100000413791954";"Spárované";1;"20260120194";"Presná zhoda";1509,87 €;"Flux a.s."
"20260121197";128,68 €;22.1.2026 0:00:00;"SK880900000396276235";"Spárované";1;"20260121197";"Presná zhoda";128,68 €;"Flux a.s."
"20260033";450,00 €;21.1.2026 0:00:00;"SK310900000182125985";"Spárované";1;"20260033";"Presná zhoda";450,00 €;"British Airways"
"20260034";900,00 €;21.1.2026 0:00:00;"SK2509000000000000000022";"Spárované";1;"20260034";"Presná zhoda";900,00 €;"Lucia Prekladová - LINGUA"
"20260120001";658,25 €;21.1.2026 0:00:00;"SK750900000235526382";"Spárované";1;"20260120001";"Presná zhoda";1409,28 €;"Flux a.s."
"2026010004";-45,90 €;20.1.2026 0:00:00;"SK9709000000000000000006";"Spárované";1;"2026010004";"Presná zhoda";45,90 €;"KROS a.s."
"20260006";1050,00 €;19.1.2026 0:00:00;"SK961100000535112738";"Spárované";1;"20260006";"Presná zhoda";2100,00 €;"Flux a.s."
"2026010005";-24,00 €;19.1.2026 0:00:00;"SK9709000000000000000006";"Spárované";1;"2026010005";"Presná zhoda";120,00 €;"KROS a.s."
"20260036";60,00 €;18.1.2026 0:00:00;"SK390900000594763695";"Spárované";1;"20260036";"Presná zhoda";300,00 €;"Jana Tvorivá - Creative Studio"
"1152026";1500,00 €;17.1.2026 0:00:00;"CZ8701000000000000000019";"Spárované";1;"1152026";"Presná zhoda";1500,00 €;"Alza.cz a.s."
"1182026";4500,00 €;17.1.2026 0:00:00;"CZ8701000000000000000019";"Spárované";1;"1182026";"Presná zhoda";4500,00 €;"Alza.cz a.s."
"20260003";400,00 €;17.1.2026 0:00:00;"SK840900000646378337";"Spárované";1;"20260003";"Presná zhoda";400,00 €;"Jana Tvorivá - Creative Studio"
"20260009";350,00 €;17.1.2026 0:00:00;"SK980900000467507659";"Spárované";1;"20260009";"Presná zhoda";350,00 €;"Jana Tvorivá - Creative Studio"
"20260032";175,00 €;17.1.2026 0:00:00;"SK350900000133895516";"Spárované";1;"20260032";"Presná zhoda";350,00 €;"Jana Tvorivá - Creative Studio"
"20260035";1200,00 €;17.1.2026 0:00:00;"SK490900000832253514";"Spárované";1;"20260035";"Presná zhoda";1200,00 €;"Ing. Pavol Vnuk - NORPAL"
"20260026";240,00 €;16.1.2026 0:00:00;"SK200900000000444471";"Spárované";1;"20260026";"Presná zhoda";1200,00 €;"Ing. Pavol Vnuk - NORPAL"
"20260028";850,00 €;16.1.2026 0:00:00;"SK130900000331376850";"Spárované";1;"20260028";"Presná zhoda";850,00 €;"British Airways"
"2026010002";-22,95 €;16.1.2026 0:00:00;"SK9709000000000000000006";"Spárované";1;"2026010002";"Presná zhoda";45,90 €;"KROS a.s."
"1192026";15400,00 €;15.1.2026 0:00:00;"CZ8701000000000000000019";"Spárované";1;"1192026";"Presná zhoda";15400,00 €;"Alza.cz a.s."
"20260005";650,00 €;15.1.2026 0:00:00;"SK2509000000000000000022";"Spárované";1;"20260005";"Presná zhoda";650,00 €;"Lucia Prekladová - LINGUA"
"20260029";650,00 €;15.1.2026 0:00:00;"SK2509000000000000000022";"Spárované";1;"20260029";"Presná zhoda";650,00 €;"Lucia Prekladová - LINGUA"
"20260030";1200,00 €;15.1.2026 0:00:00;"SK790900000729167460";"Spárované";1;"20260030";"Presná zhoda";1200,00 €;"Ing. Pavol Vnuk - NORPAL"
"20260031";2100,00 €;14.1.2026 0:00:00;"SK110900000838957785";"Spárované";1;"20260031";"Presná zhoda";2100,00 €;"Flux a.s."
"20260006";1050,00 €;13.1.2026 0:00:00;"SK961100000535112738";"Spárované";1;"20260006";"Presná zhoda";2100,00 €;"Flux a.s."
"20260008";1100,00 €;13.1.2026 0:00:00;"SK330900000146903276";"Spárované";1;"20260008";"Presná zhoda";1100,00 €;"British Airways"
"20260027";350,00 €;13.1.2026 0:00:00;"SK250900000420314371";"Spárované";1;"20260027";"Presná zhoda";350,00 €;"Jana Tvorivá - Creative Studio"
"20260001";600,00 €;12.1.2026 0:00:00;"SK121100000132580041";"Spárované";1;"20260001";"Presná zhoda";1200,00 €;"Ing. Pavol Vnuk - NORPAL"
"20260004";1200,00 €;11.1.2026 0:00:00;"SK410900000319963454";"Spárované";1;"20260004";"Presná zhoda";1200,00 €;"Ing. Pavol Vnuk - NORPAL"
"2026001";500,00 €;11.1.2026 0:00:00;"SK770900000619894861";"Spárované";1;"2026001";"Presná zhoda";500,00 €;"Ing. Pavol Vnuk - NORPAL"
"20260026";240,00 €;11.1.2026 0:00:00;"SK200900000000444471";"Spárované";1;"20260026";"Presná zhoda";1200,00 €;"Ing. Pavol Vnuk - NORPAL"
"20260007";1200,00 €;10.1.2026 0:00:00;"SK641100000037193357";"Spárované";1;"20260007";"Presná zhoda";1200,00 €;"Ing. Pavol Vnuk - NORPAL"
"2026010002";-22,95 €;10.1.2026 0:00:00;"SK9709000000000000000006";"Spárované";1;"2026010002";"Presná zhoda";45,90 €;"KROS a.s."
"2026010003";-120,00 €;9.1.2026 0:00:00;"SK9709000000000000000006";"Spárované";1;"2026010003";"Presná zhoda";120,00 €;"KROS a.s."
"20260001";600,00 €;7.1.2026 0:00:00;"SK121100000132580041";"Spárované";1;"20260001";"Presná zhoda";1200,00 €;"Ing. Pavol Vnuk - NORPAL"
"2026010001";-45,90 €;7.1.2026 0:00:00;"SK9709000000000000000006";"Spárované";1;"2026010001";"Presná zhoda";45,90 €;"KROS a.s."
