5.1.2026 0:00:00;"AUD";1,74
5.1.2026 0:00:00;"BRL";6,34
5.1.2026 0:00:00;"CAD";1,60
5.1.2026 0:00:00;"CNY";8,14
5.1.2026 0:00:00;"CZK";24,19
5.1.2026 0:00:00;"DKK";7,46
5.1.2026 0:00:00;"GBP";0,86
5.1.2026 0:00:00;"HKD";9,08
5.1.2026 0:00:00;"HUF";384,55
5.1.2026 0:00:00;"CHF";0,92
5.1.2026 0:00:00;"IDR";19524,95
5.1.2026 0:00:00;"ILS";3,68
5.1.2026 0:00:00;"INR";105,31
5.1.2026 0:00:00;"ISK";147,40
5.1.2026 0:00:00;"JPY";182,93
5.1.2026 0:00:00;"KRW";1690,44
5.1.2026 0:00:00;"MXN";21,00
5.1.2026 0:00:00;"MYR";4,75
5.1.2026 0:00:00;"NOK";11,77
5.1.2026 0:00:00;"NZD";2,02
5.1.2026 0:00:00;"PHP";68,91
5.1.2026 0:00:00;"PLN";4,21
5.1.2026 0:00:00;"RON";5,08
5.1.2026 0:00:00;"SEK";10,78
5.1.2026 0:00:00;"SGD";1,50
5.1.2026 0:00:00;"THB";36,59
5.1.2026 0:00:00;"TRY";50,20
5.1.2026 0:00:00;"USD";1,16
5.1.2026 0:00:00;"ZAR";19,22
6.1.2026 0:00:00;"AUD";1,74
6.1.2026 0:00:00;"BRL";6,32
6.1.2026 0:00:00;"CAD";1,61
6.1.2026 0:00:00;"CNY";8,17
6.1.2026 0:00:00;"CZK";24,19
6.1.2026 0:00:00;"DKK";7,47
6.1.2026 0:00:00;"GBP";0,86
6.1.2026 0:00:00;"HKD";9,11
6.1.2026 0:00:00;"HUF";385,03
6.1.2026 0:00:00;"CHF";0,92
6.1.2026 0:00:00;"IDR";19632,64
6.1.2026 0:00:00;"ILS";3,70
6.1.2026 0:00:00;"INR";105,54
6.1.2026 0:00:00;"ISK";147,20
6.1.2026 0:00:00;"JPY";183,14
6.1.2026 0:00:00;"KRW";1695,93
6.1.2026 0:00:00;"MXN";21,02
6.1.2026 0:00:00;"MYR";4,73
6.1.2026 0:00:00;"NOK";11,72
6.1.2026 0:00:00;"NZD";2,02
6.1.2026 0:00:00;"PHP";69,31
6.1.2026 0:00:00;"PLN";4,21
6.1.2026 0:00:00;"RON";5,08
6.1.2026 0:00:00;"SEK";10,76
6.1.2026 0:00:00;"SGD";1,49
6.1.2026 0:00:00;"THB";36,60
6.1.2026 0:00:00;"TRY";50,38
6.1.2026 0:00:00;"USD";1,17
6.1.2026 0:00:00;"ZAR";19,19
7.1.2026 0:00:00;"AUD";1,73
7.1.2026 0:00:00;"BRL";6,29
7.1.2026 0:00:00;"CAD";1,61
7.1.2026 0:00:00;"CNY";8,16
7.1.2026 0:00:00;"CZK";24,29
7.1.2026 0:00:00;"DKK";7,47
7.1.2026 0:00:00;"GBP";0,86
7.1.2026 0:00:00;"HKD";9,09
7.1.2026 0:00:00;"HUF";384,98
7.1.2026 0:00:00;"CHF";0,93
7.1.2026 0:00:00;"IDR";19592,02
7.1.2026 0:00:00;"ILS";3,71
7.1.2026 0:00:00;"INR";104,98
7.1.2026 0:00:00;"ISK";147,20
7.1.2026 0:00:00;"JPY";182,91
7.1.2026 0:00:00;"KRW";1691,47
7.1.2026 0:00:00;"MXN";21,00
7.1.2026 0:00:00;"MYR";4,74
7.1.2026 0:00:00;"NOK";11,75
7.1.2026 0:00:00;"NZD";2,02
7.1.2026 0:00:00;"PHP";69,30
7.1.2026 0:00:00;"PLN";4,21
7.1.2026 0:00:00;"RON";5,08
7.1.2026 0:00:00;"SEK";10,73
7.1.2026 0:00:00;"SGD";1,49
7.1.2026 0:00:00;"THB";36,60
7.1.2026 0:00:00;"TRY";50,29
7.1.2026 0:00:00;"USD";1,16
7.1.2026 0:00:00;"ZAR";19,22
8.1.2026 0:00:00;"AUD";1,74
8.1.2026 0:00:00;"BRL";6,28
8.1.2026 0:00:00;"CAD";1,61
8.1.2026 0:00:00;"CNY";8,15
8.1.2026 0:00:00;"CZK";24,26
8.1.2026 0:00:00;"DKK";7,47
8.1.2026 0:00:00;"GBP";0,86
8.1.2026 0:00:00;"HKD";9,09
8.1.2026 0:00:00;"HUF";384,75
8.1.2026 0:00:00;"CHF";0,93
8.1.2026 0:00:00;"IDR";19655,85
8.1.2026 0:00:00;"ILS";3,70
8.1.2026 0:00:00;"INR";104,98
8.1.2026 0:00:00;"ISK";147,20
8.1.2026 0:00:00;"JPY";182,97
8.1.2026 0:00:00;"KRW";1695,57
8.1.2026 0:00:00;"MXN";20,97
8.1.2026 0:00:00;"MYR";4,74
8.1.2026 0:00:00;"NOK";11,79
8.1.2026 0:00:00;"NZD";2,03
8.1.2026 0:00:00;"PHP";69,07
8.1.2026 0:00:00;"PLN";4,20
8.1.2026 0:00:00;"RON";5,08
8.1.2026 0:00:00;"SEK";10,76
8.1.2026 0:00:00;"SGD";1,49
8.1.2026 0:00:00;"THB";36,82
8.1.2026 0:00:00;"TRY";50,25
8.1.2026 0:00:00;"USD";1,16
8.1.2026 0:00:00;"ZAR";19,28
9.1.2026 0:00:00;"AUD";1,74
9.1.2026 0:00:00;"BRL";6,27
9.1.2026 0:00:00;"CAD";1,61
9.1.2026 0:00:00;"CNY";8,12
9.1.2026 0:00:00;"CZK";24,33
9.1.2026 0:00:00;"DKK";7,47
9.1.2026 0:00:00;"GBP";0,86
9.1.2026 0:00:00;"HKD";9,07
9.1.2026 0:00:00;"HUF";386,03
9.1.2026 0:00:00;"CHF";0,93
9.1.2026 0:00:00;"IDR";19628,24
9.1.2026 0:00:00;"ILS";3,67
9.1.2026 0:00:00;"INR";105,03
9.1.2026 0:00:00;"ISK";147,40
9.1.2026 0:00:00;"JPY";183,52
9.1.2026 0:00:00;"KRW";1699,55
9.1.2026 0:00:00;"MXN";20,98
9.1.2026 0:00:00;"MYR";4,74
9.1.2026 0:00:00;"NOK";11,77
9.1.2026 0:00:00;"NZD";2,03
9.1.2026 0:00:00;"PHP";68,93
9.1.2026 0:00:00;"PLN";4,21
9.1.2026 0:00:00;"RON";5,09
9.1.2026 0:00:00;"SEK";10,74
9.1.2026 0:00:00;"SGD";1,49
9.1.2026 0:00:00;"THB";36,63
9.1.2026 0:00:00;"TRY";50,18
9.1.2026 0:00:00;"USD";1,16
9.1.2026 0:00:00;"ZAR";19,29
12.1.2026 0:00:00;"AUD";1,74
12.1.2026 0:00:00;"BRL";6,28
12.1.2026 0:00:00;"CAD";1,62
12.1.2026 0:00:00;"CNY";8,15
12.1.2026 0:00:00;"CZK";24,28
12.1.2026 0:00:00;"DKK";7,47
12.1.2026 0:00:00;"GBP";0,86
12.1.2026 0:00:00;"HKD";9,11
12.1.2026 0:00:00;"HUF";386,85
12.1.2026 0:00:00;"CHF";0,93
12.1.2026 0:00:00;"IDR";19751,30
12.1.2026 0:00:00;"ILS";3,68
12.1.2026 0:00:00;"INR";105,41
12.1.2026 0:00:00;"ISK";147,20
12.1.2026 0:00:00;"JPY";184,42
12.1.2026 0:00:00;"KRW";1715,11
12.1.2026 0:00:00;"MXN";20,93
12.1.2026 0:00:00;"MYR";4,74
12.1.2026 0:00:00;"NOK";11,74
12.1.2026 0:00:00;"NZD";2,02
12.1.2026 0:00:00;"PHP";69,38
12.1.2026 0:00:00;"PLN";4,20
12.1.2026 0:00:00;"RON";5,08
12.1.2026 0:00:00;"SEK";10,70
12.1.2026 0:00:00;"SGD";1,50
12.1.2026 0:00:00;"THB";36,50
12.1.2026 0:00:00;"TRY";50,42
12.1.2026 0:00:00;"USD";1,16
12.1.2026 0:00:00;"ZAR";19,16
13.1.2026 0:00:00;"AUD";1,73
13.1.2026 0:00:00;"BRL";6,27
13.1.2026 0:00:00;"CAD";1,61
13.1.2026 0:00:00;"CNY";8,12
13.1.2026 0:00:00;"CZK";24,25
13.1.2026 0:00:00;"DKK";7,47
13.1.2026 0:00:00;"GBP";0,86
13.1.2026 0:00:00;"HKD";9,09
13.1.2026 0:00:00;"HUF";386,75
13.1.2026 0:00:00;"CHF";0,93
13.1.2026 0:00:00;"IDR";19652,84
13.1.2026 0:00:00;"ILS";3,67
13.1.2026 0:00:00;"INR";105,14
13.1.2026 0:00:00;"ISK";146,60
13.1.2026 0:00:00;"JPY";185,12
13.1.2026 0:00:00;"KRW";1717,89
13.1.2026 0:00:00;"MXN";20,85
13.1.2026 0:00:00;"MYR";4,72
13.1.2026 0:00:00;"NOK";11,75
13.1.2026 0:00:00;"NZD";2,02
13.1.2026 0:00:00;"PHP";69,29
13.1.2026 0:00:00;"PLN";4,21
13.1.2026 0:00:00;"RON";5,08
13.1.2026 0:00:00;"SEK";10,71
13.1.2026 0:00:00;"SGD";1,50
13.1.2026 0:00:00;"THB";36,68
13.1.2026 0:00:00;"TRY";50,29
13.1.2026 0:00:00;"USD";1,16
13.1.2026 0:00:00;"ZAR";19,17
15.1.2026 0:00:00;"AUD";1,73
15.1.2026 0:00:00;"BRL";6,25
15.1.2026 0:00:00;"CAD";1,61
15.1.2026 0:00:00;"CNY";8,09
15.1.2026 0:00:00;"CZK";24,27
15.1.2026 0:00:00;"DKK";7,47
15.1.2026 0:00:00;"GBP";0,86
15.1.2026 0:00:00;"HKD";9,06
15.1.2026 0:00:00;"HUF";385,65
15.1.2026 0:00:00;"CHF";0,93
15.1.2026 0:00:00;"IDR";19640,96
15.1.2026 0:00:00;"ILS";3,66
15.1.2026 0:00:00;"INR";104,96
15.1.2026 0:00:00;"ISK";146,20
15.1.2026 0:00:00;"JPY";184,31
15.1.2026 0:00:00;"KRW";1706,77
15.1.2026 0:00:00;"MXN";20,67
15.1.2026 0:00:00;"MYR";4,71
15.1.2026 0:00:00;"NOK";11,72
15.1.2026 0:00:00;"NZD";2,02
15.1.2026 0:00:00;"PHP";69,18
15.1.2026 0:00:00;"PLN";4,20
15.1.2026 0:00:00;"RON";5,08
15.1.2026 0:00:00;"SEK";10,69
15.1.2026 0:00:00;"SGD";1,49
15.1.2026 0:00:00;"THB";36,49
15.1.2026 0:00:00;"TRY";50,20
15.1.2026 0:00:00;"USD";1,16
15.1.2026 0:00:00;"ZAR";19,03
16.1.2026 0:00:00;"AUD";1,73
16.1.2026 0:00:00;"BRL";6,24
16.1.2026 0:00:00;"CAD";1,61
16.1.2026 0:00:00;"CNY";8,09
16.1.2026 0:00:00;"CZK";24,28
16.1.2026 0:00:00;"DKK";7,47
16.1.2026 0:00:00;"GBP";0,86
16.1.2026 0:00:00;"HKD";9,06
16.1.2026 0:00:00;"HUF";385,33
16.1.2026 0:00:00;"CHF";0,93
16.1.2026 0:00:00;"IDR";19653,76
16.1.2026 0:00:00;"ILS";3,66
16.1.2026 0:00:00;"INR";105,39
16.1.2026 0:00:00;"ISK";146,40
16.1.2026 0:00:00;"JPY";183,67
16.1.2026 0:00:00;"KRW";1711,10
16.1.2026 0:00:00;"MXN";20,53
16.1.2026 0:00:00;"MYR";4,71
16.1.2026 0:00:00;"NOK";11,72
16.1.2026 0:00:00;"NZD";2,01
16.1.2026 0:00:00;"PHP";68,99
16.1.2026 0:00:00;"PLN";4,22
16.1.2026 0:00:00;"RON";5,09
16.1.2026 0:00:00;"SEK";10,71
16.1.2026 0:00:00;"SGD";1,49
16.1.2026 0:00:00;"THB";36,53
16.1.2026 0:00:00;"TRY";50,27
16.1.2026 0:00:00;"USD";1,16
16.1.2026 0:00:00;"ZAR";19,03
20.1.2026 0:00:00;"AUD";1,74
20.1.2026 0:00:00;"BRL";6,32
20.1.2026 0:00:00;"CAD";1,62
20.1.2026 0:00:00;"CNY";8,16
20.1.2026 0:00:00;"CZK";24,33
20.1.2026 0:00:00;"DKK";7,47
20.1.2026 0:00:00;"GBP";0,87
20.1.2026 0:00:00;"HKD";9,14
20.1.2026 0:00:00;"HUF";385,85
20.1.2026 0:00:00;"CHF";0,92
20.1.2026 0:00:00;"IDR";19874,44
20.1.2026 0:00:00;"ILS";3,71
20.1.2026 0:00:00;"INR";106,67
20.1.2026 0:00:00;"ISK";146,20
20.1.2026 0:00:00;"JPY";185,18
20.1.2026 0:00:00;"KRW";1731,99
20.1.2026 0:00:00;"MXN";20,66
20.1.2026 0:00:00;"MYR";4,75
20.1.2026 0:00:00;"NOK";11,71
20.1.2026 0:00:00;"NZD";2,00
20.1.2026 0:00:00;"PHP";69,52
20.1.2026 0:00:00;"PLN";4,22
20.1.2026 0:00:00;"RON";5,09
20.1.2026 0:00:00;"SEK";10,70
20.1.2026 0:00:00;"SGD";1,50
20.1.2026 0:00:00;"THB";36,45
20.1.2026 0:00:00;"TRY";50,75
20.1.2026 0:00:00;"USD";1,17
20.1.2026 0:00:00;"ZAR";19,28
21.1.2026 0:00:00;"AUD";1,73
21.1.2026 0:00:00;"BRL";6,27
21.1.2026 0:00:00;"CAD";1,61
21.1.2026 0:00:00;"CNY";8,17
21.1.2026 0:00:00;"CZK";24,35
21.1.2026 0:00:00;"DKK";7,47
21.1.2026 0:00:00;"GBP";0,87
21.1.2026 0:00:00;"HKD";9,15
21.1.2026 0:00:00;"HUF";385,65
21.1.2026 0:00:00;"CHF";0,92
21.1.2026 0:00:00;"IDR";19851,53
21.1.2026 0:00:00;"ILS";3,72
21.1.2026 0:00:00;"INR";107,57
21.1.2026 0:00:00;"ISK";146,20
21.1.2026 0:00:00;"JPY";185,23
21.1.2026 0:00:00;"KRW";1719,32
21.1.2026 0:00:00;"MXN";20,51
21.1.2026 0:00:00;"MYR";4,75
21.1.2026 0:00:00;"NOK";11,63
21.1.2026 0:00:00;"NZD";2,00
21.1.2026 0:00:00;"PHP";69,53
21.1.2026 0:00:00;"PLN";4,22
21.1.2026 0:00:00;"RON";5,09
21.1.2026 0:00:00;"SEK";10,66
21.1.2026 0:00:00;"SGD";1,50
21.1.2026 0:00:00;"THB";36,47
21.1.2026 0:00:00;"TRY";50,82
21.1.2026 0:00:00;"USD";1,17
21.1.2026 0:00:00;"ZAR";19,14
22.1.2026 0:00:00;"AUD";1,71
22.1.2026 0:00:00;"BRL";6,22
22.1.2026 0:00:00;"CAD";1,61
22.1.2026 0:00:00;"CNY";8,16
22.1.2026 0:00:00;"CZK";24,31
22.1.2026 0:00:00;"DKK";7,46
22.1.2026 0:00:00;"GBP";0,87
22.1.2026 0:00:00;"HKD";9,12
22.1.2026 0:00:00;"HUF";382,70
22.1.2026 0:00:00;"CHF";0,92
22.1.2026 0:00:00;"IDR";19753,87
22.1.2026 0:00:00;"ILS";3,67
22.1.2026 0:00:00;"INR";107,21
22.1.2026 0:00:00;"ISK";146,00
22.1.2026 0:00:00;"JPY";185,88
22.1.2026 0:00:00;"KRW";1718,11
22.1.2026 0:00:00;"MXN";20,46
22.1.2026 0:00:00;"MYR";4,72
22.1.2026 0:00:00;"NOK";11,57
22.1.2026 0:00:00;"NZD";1,99
22.1.2026 0:00:00;"PHP";69,22
22.1.2026 0:00:00;"PLN";4,20
22.1.2026 0:00:00;"RON";5,09
22.1.2026 0:00:00;"SEK";10,59
22.1.2026 0:00:00;"SGD";1,50
22.1.2026 0:00:00;"THB";36,67
22.1.2026 0:00:00;"TRY";50,66
22.1.2026 0:00:00;"USD";1,17
22.1.2026 0:00:00;"ZAR";18,98
26.1.2026 0:00:00;"AUD";1,71
26.1.2026 0:00:00;"BRL";6,25
26.1.2026 0:00:00;"CAD";1,62
26.1.2026 0:00:00;"CNY";8,23
26.1.2026 0:00:00;"CZK";24,25
26.1.2026 0:00:00;"DKK";7,46
26.1.2026 0:00:00;"GBP";0,86
26.1.2026 0:00:00;"HKD";9,22
26.1.2026 0:00:00;"HUF";381,85
26.1.2026 0:00:00;"CHF";0,92
26.1.2026 0:00:00;"IDR";19857,61
26.1.2026 0:00:00;"ILS";3,71
26.1.2026 0:00:00;"INR";108,61
26.1.2026 0:00:00;"ISK";145,40
26.1.2026 0:00:00;"JPY";182,52
26.1.2026 0:00:00;"KRW";1713,58
26.1.2026 0:00:00;"MXN";20,58
26.1.2026 0:00:00;"MYR";4,69
26.1.2026 0:00:00;"NOK";11,60
26.1.2026 0:00:00;"NZD";1,98
26.1.2026 0:00:00;"PHP";70,01
26.1.2026 0:00:00;"PLN";4,20
26.1.2026 0:00:00;"RON";5,09
26.1.2026 0:00:00;"SEK";10,62
26.1.2026 0:00:00;"SGD";1,50
26.1.2026 0:00:00;"THB";36,86
26.1.2026 0:00:00;"TRY";51,34
26.1.2026 0:00:00;"USD";1,18
26.1.2026 0:00:00;"ZAR";19,02
27.1.2026 0:00:00;"AUD";1,71
27.1.2026 0:00:00;"BRL";6,26
27.1.2026 0:00:00;"CAD";1,63
27.1.2026 0:00:00;"CNY";8,29
27.1.2026 0:00:00;"CZK";24,26
27.1.2026 0:00:00;"DKK";7,46
27.1.2026 0:00:00;"GBP";0,86
27.1.2026 0:00:00;"HKD";9,30
27.1.2026 0:00:00;"HUF";380,60
27.1.2026 0:00:00;"CHF";0,91
27.1.2026 0:00:00;"IDR";19940,00
27.1.2026 0:00:00;"ILS";3,70
27.1.2026 0:00:00;"INR";109,28
27.1.2026 0:00:00;"ISK";145,20
27.1.2026 0:00:00;"JPY";182,92
27.1.2026 0:00:00;"KRW";1719,21
27.1.2026 0:00:00;"MXN";20,63
27.1.2026 0:00:00;"MYR";4,71
27.1.2026 0:00:00;"NOK";11,56
27.1.2026 0:00:00;"NZD";1,99
27.1.2026 0:00:00;"PHP";70,43
27.1.2026 0:00:00;"PLN";4,20
27.1.2026 0:00:00;"RON";5,09
27.1.2026 0:00:00;"SEK";10,58
27.1.2026 0:00:00;"SGD";1,50
27.1.2026 0:00:00;"THB";37,02
27.1.2026 0:00:00;"TRY";51,77
27.1.2026 0:00:00;"USD";1,19
27.1.2026 0:00:00;"ZAR";19,07
28.1.2026 0:00:00;"AUD";1,71
28.1.2026 0:00:00;"BRL";6,19
28.1.2026 0:00:00;"CAD";1,62
28.1.2026 0:00:00;"CNY";8,31
28.1.2026 0:00:00;"CZK";24,29
28.1.2026 0:00:00;"DKK";7,46
28.1.2026 0:00:00;"GBP";0,86
28.1.2026 0:00:00;"HKD";9,34
28.1.2026 0:00:00;"HUF";380,90
28.1.2026 0:00:00;"CHF";0,91
28.1.2026 0:00:00;"IDR";20047,00
28.1.2026 0:00:00;"ILS";3,70
28.1.2026 0:00:00;"INR";110,09
28.1.2026 0:00:00;"ISK";145,00
28.1.2026 0:00:00;"JPY";182,76
28.1.2026 0:00:00;"KRW";1710,88
28.1.2026 0:00:00;"MXN";20,54
28.1.2026 0:00:00;"MYR";4,69
28.1.2026 0:00:00;"NOK";11,52
28.1.2026 0:00:00;"NZD";1,98
28.1.2026 0:00:00;"PHP";70,35
28.1.2026 0:00:00;"PLN";4,20
28.1.2026 0:00:00;"RON";5,09
28.1.2026 0:00:00;"SEK";10,58
28.1.2026 0:00:00;"SGD";1,51
28.1.2026 0:00:00;"THB";37,25
28.1.2026 0:00:00;"TRY";51,98
28.1.2026 0:00:00;"USD";1,19
28.1.2026 0:00:00;"ZAR";19,01
29.1.2026 0:00:00;"AUD";1,69
29.1.2026 0:00:00;"BRL";6,20
29.1.2026 0:00:00;"CAD";1,61
29.1.2026 0:00:00;"CNY";8,31
29.1.2026 0:00:00;"CZK";24,33
29.1.2026 0:00:00;"DKK";7,46
29.1.2026 0:00:00;"GBP";0,86
29.1.2026 0:00:00;"HKD";9,34
29.1.2026 0:00:00;"HUF";380,73
29.1.2026 0:00:00;"CHF";0,91
29.1.2026 0:00:00;"IDR";20085,00
29.1.2026 0:00:00;"ILS";3,68
29.1.2026 0:00:00;"INR";110,00
29.1.2026 0:00:00;"ISK";144,80
29.1.2026 0:00:00;"JPY";183,48
29.1.2026 0:00:00;"KRW";1712,42
29.1.2026 0:00:00;"MXN";20,52
29.1.2026 0:00:00;"MYR";4,70
29.1.2026 0:00:00;"NOK";11,41
29.1.2026 0:00:00;"NZD";1,96
29.1.2026 0:00:00;"PHP";70,60
29.1.2026 0:00:00;"PLN";4,20
29.1.2026 0:00:00;"RON";5,09
29.1.2026 0:00:00;"SEK";10,56
29.1.2026 0:00:00;"SGD";1,51
29.1.2026 0:00:00;"THB";37,34
29.1.2026 0:00:00;"TRY";51,97
29.1.2026 0:00:00;"USD";1,19
29.1.2026 0:00:00;"ZAR";18,75
30.1.2026 0:00:00;"AUD";1,70
30.1.2026 0:00:00;"BRL";6,22
30.1.2026 0:00:00;"CAD";1,61
30.1.2026 0:00:00;"CNY";8,28
30.1.2026 0:00:00;"CZK";24,32
30.1.2026 0:00:00;"DKK";7,46
30.1.2026 0:00:00;"GBP";0,86
30.1.2026 0:00:00;"HKD";9,30
30.1.2026 0:00:00;"HUF";380,70
30.1.2026 0:00:00;"CHF";0,91
30.1.2026 0:00:00;"IDR";20010,00
30.1.2026 0:00:00;"ILS";3,67
30.1.2026 0:00:00;"INR";109,58
30.1.2026 0:00:00;"ISK";145,20
30.1.2026 0:00:00;"JPY";183,59
30.1.2026 0:00:00;"KRW";1719,47
30.1.2026 0:00:00;"MXN";20,59
30.1.2026 0:00:00;"MYR";4,70
30.1.2026 0:00:00;"NOK";11,38
30.1.2026 0:00:00;"NZD";1,96
30.1.2026 0:00:00;"PHP";70,21
30.1.2026 0:00:00;"PLN";4,20
30.1.2026 0:00:00;"RON";5,09
30.1.2026 0:00:00;"SEK";10,52
30.1.2026 0:00:00;"SGD";1,51
30.1.2026 0:00:00;"THB";37,45
30.1.2026 0:00:00;"TRY";51,83
30.1.2026 0:00:00;"USD";1,19
30.1.2026 0:00:00;"ZAR";18,99
2.2.2026 0:00:00;"AUD";1,70
2.2.2026 0:00:00;"BRL";6,22
2.2.2026 0:00:00;"CAD";1,61
2.2.2026 0:00:00;"CNY";8,22
2.2.2026 0:00:00;"CZK";24,30
2.2.2026 0:00:00;"DKK";7,46
2.2.2026 0:00:00;"GBP";0,86
2.2.2026 0:00:00;"HKD";9,24
2.2.2026 0:00:00;"HUF";381,20
2.2.2026 0:00:00;"CHF";0,91
2.2.2026 0:00:00;"IDR";19890,00
2.2.2026 0:00:00;"ILS";3,67
2.2.2026 0:00:00;"INR";108,41
2.2.2026 0:00:00;"ISK";145,00
2.2.2026 0:00:00;"JPY";183,59
2.2.2026 0:00:00;"KRW";1719,74
2.2.2026 0:00:00;"MXN";20,61
2.2.2026 0:00:00;"MYR";4,66
2.2.2026 0:00:00;"NOK";11,46
2.2.2026 0:00:00;"NZD";1,97
2.2.2026 0:00:00;"PHP";69,75
2.2.2026 0:00:00;"PLN";4,21
2.2.2026 0:00:00;"RON";5,09
2.2.2026 0:00:00;"SEK";10,59
2.2.2026 0:00:00;"SGD";1,50
2.2.2026 0:00:00;"THB";37,43
2.2.2026 0:00:00;"TRY";51,49
2.2.2026 0:00:00;"USD";1,18
2.2.2026 0:00:00;"ZAR";18,97
3.2.2026 0:00:00;"AUD";1,68
3.2.2026 0:00:00;"BRL";6,16
3.2.2026 0:00:00;"CAD";1,61
3.2.2026 0:00:00;"CNY";8,18
3.2.2026 0:00:00;"CZK";24,31
3.2.2026 0:00:00;"DKK";7,46
3.2.2026 0:00:00;"GBP";0,86
3.2.2026 0:00:00;"HKD";9,22
3.2.2026 0:00:00;"HUF";380,40
3.2.2026 0:00:00;"CHF";0,91
3.2.2026 0:00:00;"IDR";19790,00
3.2.2026 0:00:00;"ILS";3,64
3.2.2026 0:00:00;"INR";106,37
3.2.2026 0:00:00;"ISK";145,00
3.2.2026 0:00:00;"JPY";183,92
3.2.2026 0:00:00;"KRW";1709,44
3.2.2026 0:00:00;"MXN";20,42
3.2.2026 0:00:00;"MYR";4,64
3.2.2026 0:00:00;"NOK";11,42
3.2.2026 0:00:00;"NZD";1,95
3.2.2026 0:00:00;"PHP";69,73
3.2.2026 0:00:00;"PLN";4,22
3.2.2026 0:00:00;"RON";5,09
3.2.2026 0:00:00;"SEK";10,54
3.2.2026 0:00:00;"SGD";1,49
3.2.2026 0:00:00;"THB";37,25
3.2.2026 0:00:00;"TRY";51,32
3.2.2026 0:00:00;"USD";1,18
3.2.2026 0:00:00;"ZAR";18,82
4.2.2026 0:00:00;"AUD";1,68
4.2.2026 0:00:00;"BRL";6,17
4.2.2026 0:00:00;"CAD";1,61
4.2.2026 0:00:00;"CNY";8,20
4.2.2026 0:00:00;"CZK";24,35
4.2.2026 0:00:00;"DKK";7,46
4.2.2026 0:00:00;"GBP";0,86
4.2.2026 0:00:00;"HKD";9,23
4.2.2026 0:00:00;"HUF";380,38
4.2.2026 0:00:00;"CHF";0,91
4.2.2026 0:00:00;"IDR";19850,00
4.2.2026 0:00:00;"ILS";3,64
4.2.2026 0:00:00;"INR";106,86
4.2.2026 0:00:00;"ISK";145,00
4.2.2026 0:00:00;"JPY";185,15
4.2.2026 0:00:00;"KRW";1720,70
4.2.2026 0:00:00;"MXN";20,38
4.2.2026 0:00:00;"MYR";4,64
4.2.2026 0:00:00;"NOK";11,39
4.2.2026 0:00:00;"NZD";1,96
4.2.2026 0:00:00;"PHP";69,72
4.2.2026 0:00:00;"PLN";4,22
4.2.2026 0:00:00;"RON";5,09
4.2.2026 0:00:00;"SEK";10,57
4.2.2026 0:00:00;"SGD";1,50
4.2.2026 0:00:00;"THB";37,39
4.2.2026 0:00:00;"TRY";51,42
4.2.2026 0:00:00;"USD";1,18
4.2.2026 0:00:00;"ZAR";18,83
5.2.2026 0:00:00;"AUD";1,69
5.2.2026 0:00:00;"BRL";6,20
5.2.2026 0:00:00;"CAD";1,61
5.2.2026 0:00:00;"CNY";8,18
5.2.2026 0:00:00;"CZK";24,31
5.2.2026 0:00:00;"DKK";7,46
5.2.2026 0:00:00;"GBP";0,86
5.2.2026 0:00:00;"HKD";9,21
5.2.2026 0:00:00;"HUF";379,65
5.2.2026 0:00:00;"CHF";0,91
5.2.2026 0:00:00;"IDR";19900,00
5.2.2026 0:00:00;"ILS";3,67
5.2.2026 0:00:00;"INR";106,54
5.2.2026 0:00:00;"ISK";144,80
5.2.2026 0:00:00;"JPY";185,11
5.2.2026 0:00:00;"KRW";1728,58
5.2.2026 0:00:00;"MXN";20,51
5.2.2026 0:00:00;"MYR";4,65
5.2.2026 0:00:00;"NOK";11,47
5.2.2026 0:00:00;"NZD";1,96
5.2.2026 0:00:00;"PHP";69,29
5.2.2026 0:00:00;"PLN";4,22
5.2.2026 0:00:00;"RON";5,09
5.2.2026 0:00:00;"SEK";10,64
5.2.2026 0:00:00;"SGD";1,50
5.2.2026 0:00:00;"THB";37,48
5.2.2026 0:00:00;"TRY";51,36
5.2.2026 0:00:00;"USD";1,17
5.2.2026 0:00:00;"ZAR";19,08
6.2.2026 0:00:00;"AUD";1,68
6.2.2026 0:00:00;"BRL";6,17
6.2.2026 0:00:00;"CAD";1,61
6.2.2026 0:00:00;"CNY";8,18
6.2.2026 0:00:00;"CZK";24,24
6.2.2026 0:00:00;"DKK";7,46
6.2.2026 0:00:00;"GBP";0,86
6.2.2026 0:00:00;"HKD";9,21
6.2.2026 0:00:00;"HUF";377,95
6.2.2026 0:00:00;"CHF";0,91
6.2.2026 0:00:00;"IDR";19900,00
6.2.2026 0:00:00;"ILS";3,69
6.2.2026 0:00:00;"INR";106,92
6.2.2026 0:00:00;"ISK";145,20
6.2.2026 0:00:00;"JPY";185,27
6.2.2026 0:00:00;"KRW";1730,68
6.2.2026 0:00:00;"MXN";20,47
6.2.2026 0:00:00;"MYR";4,65
6.2.2026 0:00:00;"NOK";11,46
6.2.2026 0:00:00;"NZD";1,96
6.2.2026 0:00:00;"PHP";69,04
6.2.2026 0:00:00;"PLN";4,21
6.2.2026 0:00:00;"RON";5,09
6.2.2026 0:00:00;"SEK";10,67
6.2.2026 0:00:00;"SGD";1,50
6.2.2026 0:00:00;"THB";37,26
6.2.2026 0:00:00;"TRY";51,43
6.2.2026 0:00:00;"USD";1,17
6.2.2026 0:00:00;"ZAR";19,01
9.2.2026 0:00:00;"AUD";1,68
9.2.2026 0:00:00;"BRL";6,17
9.2.2026 0:00:00;"CAD";1,61
9.2.2026 0:00:00;"CNY";8,22
9.2.2026 0:00:00;"CZK";24,21
9.2.2026 0:00:00;"DKK";7,46
9.2.2026 0:00:00;"GBP";0,87
9.2.2026 0:00:00;"HKD";9,28
9.2.2026 0:00:00;"HUF";377,08
9.2.2026 0:00:00;"CHF";0,91
9.2.2026 0:00:00;"IDR";20000,00
9.2.2026 0:00:00;"ILS";3,68
9.2.2026 0:00:00;"INR";107,83
9.2.2026 0:00:00;"ISK";145,00
9.2.2026 0:00:00;"JPY";185,65
9.2.2026 0:00:00;"KRW";1737,79
9.2.2026 0:00:00;"MXN";20,45
9.2.2026 0:00:00;"MYR";4,67
9.2.2026 0:00:00;"NOK";11,42
9.2.2026 0:00:00;"NZD";1,96
9.2.2026 0:00:00;"PHP";69,51
9.2.2026 0:00:00;"PLN";4,21
9.2.2026 0:00:00;"RON";5,09
9.2.2026 0:00:00;"SEK";10,65
9.2.2026 0:00:00;"SGD";1,50
9.2.2026 0:00:00;"THB";37,05
9.2.2026 0:00:00;"TRY";51,80
9.2.2026 0:00:00;"USD";1,18
9.2.2026 0:00:00;"ZAR";18,98
10.2.2026 0:00:00;"AUD";1,68
10.2.2026 0:00:00;"BRL";6,19
10.2.2026 0:00:00;"CAD";1,61
10.2.2026 0:00:00;"CNY";8,22
10.2.2026 0:00:00;"CZK";24,25
10.2.2026 0:00:00;"DKK";7,47
10.2.2026 0:00:00;"GBP";0,86
10.2.2026 0:00:00;"HKD";9,29
10.2.2026 0:00:00;"HUF";377,95
10.2.2026 0:00:00;"CHF";0,91
10.2.2026 0:00:00;"IDR";19966,00
10.2.2026 0:00:00;"ILS";3,67
10.2.2026 0:00:00;"INR";107,68
10.2.2026 0:00:00;"ISK";145,00
10.2.2026 0:00:00;"JPY";184,51
10.2.2026 0:00:00;"KRW";1738,48
10.2.2026 0:00:00;"MXN";20,49
10.2.2026 0:00:00;"MYR";4,66
10.2.2026 0:00:00;"NOK";11,31
10.2.2026 0:00:00;"NZD";1,96
10.2.2026 0:00:00;"PHP";69,60
10.2.2026 0:00:00;"PLN";4,21
10.2.2026 0:00:00;"RON";5,09
10.2.2026 0:00:00;"SEK";10,61
10.2.2026 0:00:00;"SGD";1,50
10.2.2026 0:00:00;"THB";37,15
10.2.2026 0:00:00;"TRY";51,89
10.2.2026 0:00:00;"USD";1,18
10.2.2026 0:00:00;"ZAR";18,97
11.2.2026 0:00:00;"AUD";1,67
11.2.2026 0:00:00;"BRL";6,17
11.2.2026 0:00:00;"CAD";1,61
11.2.2026 0:00:00;"CNY";8,22
11.2.2026 0:00:00;"CZK";24,24
11.2.2026 0:00:00;"DKK";7,46
11.2.2026 0:00:00;"GBP";0,86
11.2.2026 0:00:00;"HKD";9,30
11.2.2026 0:00:00;"HUF";379,03
11.2.2026 0:00:00;"CHF";0,91
11.2.2026 0:00:00;"IDR";19992,00
11.2.2026 0:00:00;"ILS";3,66
11.2.2026 0:00:00;"INR";107,95
11.2.2026 0:00:00;"ISK";145,20
11.2.2026 0:00:00;"JPY";182,79
11.2.2026 0:00:00;"KRW";1727,84
11.2.2026 0:00:00;"MXN";20,47
11.2.2026 0:00:00;"MYR";4,65
11.2.2026 0:00:00;"NOK";11,26
11.2.2026 0:00:00;"NZD";1,96
11.2.2026 0:00:00;"PHP";69,34
11.2.2026 0:00:00;"PLN";4,21
11.2.2026 0:00:00;"RON";5,09
11.2.2026 0:00:00;"SEK";10,56
11.2.2026 0:00:00;"SGD";1,50
11.2.2026 0:00:00;"THB";36,99
11.2.2026 0:00:00;"TRY";51,93
11.2.2026 0:00:00;"USD";1,19
11.2.2026 0:00:00;"ZAR";18,89
12.2.2026 0:00:00;"AUD";1,66
12.2.2026 0:00:00;"BRL";6,14
12.2.2026 0:00:00;"CAD";1,61
12.2.2026 0:00:00;"CNY";8,19
12.2.2026 0:00:00;"CZK";24,24
12.2.2026 0:00:00;"DKK";7,47
12.2.2026 0:00:00;"GBP";0,87
12.2.2026 0:00:00;"HKD";9,28
12.2.2026 0:00:00;"HUF";379,88
12.2.2026 0:00:00;"CHF";0,91
12.2.2026 0:00:00;"IDR";19983,94
12.2.2026 0:00:00;"ILS";3,63
12.2.2026 0:00:00;"INR";107,56
12.2.2026 0:00:00;"ISK";145,20
12.2.2026 0:00:00;"JPY";182,52
12.2.2026 0:00:00;"KRW";1707,82
12.2.2026 0:00:00;"MXN";20,39
12.2.2026 0:00:00;"MYR";4,63
12.2.2026 0:00:00;"NOK";11,25
12.2.2026 0:00:00;"NZD";1,95
12.2.2026 0:00:00;"PHP";68,89
12.2.2026 0:00:00;"PLN";4,21
12.2.2026 0:00:00;"RON";5,09
12.2.2026 0:00:00;"SEK";10,56
12.2.2026 0:00:00;"SGD";1,49
12.2.2026 0:00:00;"THB";36,80
12.2.2026 0:00:00;"TRY";51,82
12.2.2026 0:00:00;"USD";1,18
12.2.2026 0:00:00;"ZAR";18,87
13.2.2026 0:00:00;"AUD";1,68
13.2.2026 0:00:00;"BRL";6,19
13.2.2026 0:00:00;"CAD";1,61
13.2.2026 0:00:00;"CNY";8,19
13.2.2026 0:00:00;"CZK";24,26
13.2.2026 0:00:00;"DKK";7,47
13.2.2026 0:00:00;"GBP";0,87
13.2.2026 0:00:00;"HKD";9,27
13.2.2026 0:00:00;"HUF";379,08
13.2.2026 0:00:00;"CHF";0,91
13.2.2026 0:00:00;"IDR";19955,44
13.2.2026 0:00:00;"ILS";3,66
13.2.2026 0:00:00;"INR";107,48
13.2.2026 0:00:00;"ISK";145,00
13.2.2026 0:00:00;"JPY";181,83
13.2.2026 0:00:00;"KRW";1715,78
13.2.2026 0:00:00;"MXN";20,42
13.2.2026 0:00:00;"MYR";4,63
13.2.2026 0:00:00;"NOK";11,32
13.2.2026 0:00:00;"NZD";1,96
13.2.2026 0:00:00;"PHP";68,63
13.2.2026 0:00:00;"PLN";4,21
13.2.2026 0:00:00;"RON";5,09
13.2.2026 0:00:00;"SEK";10,62
13.2.2026 0:00:00;"SGD";1,49
13.2.2026 0:00:00;"THB";36,86
13.2.2026 0:00:00;"TRY";51,88
13.2.2026 0:00:00;"USD";1,18
13.2.2026 0:00:00;"ZAR";19,01
16.2.2026 0:00:00;"AUD";1,67
16.2.2026 0:00:00;"BRL";6,19
16.2.2026 0:00:00;"CAD";1,61
16.2.2026 0:00:00;"CNY";8,19
16.2.2026 0:00:00;"CZK";24,25
16.2.2026 0:00:00;"DKK";7,47
16.2.2026 0:00:00;"GBP";0,86
16.2.2026 0:00:00;"HKD";9,26
16.2.2026 0:00:00;"HUF";377,13
16.2.2026 0:00:00;"CHF";0,91
16.2.2026 0:00:00;"IDR";19938,00
16.2.2026 0:00:00;"ILS";3,65
16.2.2026 0:00:00;"INR";107,56
16.2.2026 0:00:00;"ISK";145,00
16.2.2026 0:00:00;"JPY";181,79
16.2.2026 0:00:00;"KRW";1708,80
16.2.2026 0:00:00;"MXN";20,33
16.2.2026 0:00:00;"MYR";4,62
16.2.2026 0:00:00;"NOK";11,26
16.2.2026 0:00:00;"NZD";1,96
16.2.2026 0:00:00;"PHP";68,72
16.2.2026 0:00:00;"PLN";4,21
16.2.2026 0:00:00;"RON";5,09
16.2.2026 0:00:00;"SEK";10,62
16.2.2026 0:00:00;"SGD";1,49
16.2.2026 0:00:00;"THB";36,86
16.2.2026 0:00:00;"TRY";51,81
16.2.2026 0:00:00;"USD";1,18
16.2.2026 0:00:00;"ZAR";18,90
17.2.2026 0:00:00;"AUD";1,67
17.2.2026 0:00:00;"BRL";6,17
17.2.2026 0:00:00;"CAD";1,61
17.2.2026 0:00:00;"CNY";8,17
17.2.2026 0:00:00;"CZK";24,27
17.2.2026 0:00:00;"DKK";7,47
17.2.2026 0:00:00;"GBP";0,87
17.2.2026 0:00:00;"HKD";9,24
17.2.2026 0:00:00;"HUF";378,43
17.2.2026 0:00:00;"CHF";0,91
17.2.2026 0:00:00;"IDR";19901,98
17.2.2026 0:00:00;"ILS";3,67
17.2.2026 0:00:00;"INR";107,25
17.2.2026 0:00:00;"ISK";145,00
17.2.2026 0:00:00;"JPY";181,06
17.2.2026 0:00:00;"KRW";1709,83
17.2.2026 0:00:00;"MXN";20,35
17.2.2026 0:00:00;"MYR";4,61
17.2.2026 0:00:00;"NOK";11,28
17.2.2026 0:00:00;"NZD";1,96
17.2.2026 0:00:00;"PHP";68,39
17.2.2026 0:00:00;"PLN";4,21
17.2.2026 0:00:00;"RON";5,09
17.2.2026 0:00:00;"SEK";10,64
17.2.2026 0:00:00;"SGD";1,49
17.2.2026 0:00:00;"THB";37,02
17.2.2026 0:00:00;"TRY";51,71
17.2.2026 0:00:00;"USD";1,18
17.2.2026 0:00:00;"ZAR";19,03
18.2.2026 0:00:00;"AUD";1,67
18.2.2026 0:00:00;"BRL";6,18
18.2.2026 0:00:00;"CAD";1,61
18.2.2026 0:00:00;"CNY";8,18
18.2.2026 0:00:00;"CZK";24,25
18.2.2026 0:00:00;"DKK";7,47
18.2.2026 0:00:00;"GBP";0,87
18.2.2026 0:00:00;"HKD";9,25
18.2.2026 0:00:00;"HUF";378,23
18.2.2026 0:00:00;"CHF";0,91
18.2.2026 0:00:00;"IDR";20000,00
18.2.2026 0:00:00;"ILS";3,67
18.2.2026 0:00:00;"INR";107,42
18.2.2026 0:00:00;"ISK";144,90
18.2.2026 0:00:00;"JPY";181,99
18.2.2026 0:00:00;"KRW";1712,66
18.2.2026 0:00:00;"MXN";20,27
18.2.2026 0:00:00;"MYR";4,61
18.2.2026 0:00:00;"NOK";11,22
18.2.2026 0:00:00;"NZD";1,97
18.2.2026 0:00:00;"PHP";68,55
18.2.2026 0:00:00;"PLN";4,21
18.2.2026 0:00:00;"RON";5,09
18.2.2026 0:00:00;"SEK";10,61
18.2.2026 0:00:00;"SGD";1,49
18.2.2026 0:00:00;"THB";37,01
18.2.2026 0:00:00;"TRY";51,83
18.2.2026 0:00:00;"USD";1,18
18.2.2026 0:00:00;"ZAR";18,97
19.2.2026 0:00:00;"AUD";1,66
19.2.2026 0:00:00;"BRL";6,15
19.2.2026 0:00:00;"CAD";1,61
19.2.2026 0:00:00;"CNY";8,11
19.2.2026 0:00:00;"CZK";24,24
19.2.2026 0:00:00;"DKK";7,47
19.2.2026 0:00:00;"GBP";0,87
19.2.2026 0:00:00;"HKD";9,18
19.2.2026 0:00:00;"HUF";379,73
19.2.2026 0:00:00;"CHF";0,91
19.2.2026 0:00:00;"IDR";19883,96
19.2.2026 0:00:00;"ILS";3,68
19.2.2026 0:00:00;"INR";107,18
19.2.2026 0:00:00;"ISK";144,90
19.2.2026 0:00:00;"JPY";182,05
19.2.2026 0:00:00;"KRW";1703,81
19.2.2026 0:00:00;"MXN";20,30
19.2.2026 0:00:00;"MYR";4,59
19.2.2026 0:00:00;"NOK";11,25
19.2.2026 0:00:00;"NZD";1,97
19.2.2026 0:00:00;"PHP";68,22
19.2.2026 0:00:00;"PLN";4,22
19.2.2026 0:00:00;"RON";5,09
19.2.2026 0:00:00;"SEK";10,69
19.2.2026 0:00:00;"SGD";1,49
19.2.2026 0:00:00;"THB";36,72
19.2.2026 0:00:00;"TRY";51,44
19.2.2026 0:00:00;"USD";1,17
19.2.2026 0:00:00;"ZAR";19,06
23.2.2026 0:00:00;"AUD";1,66
23.2.2026 0:00:00;"BRL";6,10
23.2.2026 0:00:00;"CAD";1,61
23.2.2026 0:00:00;"CNY";8,14
23.2.2026 0:00:00;"CZK";24,22
23.2.2026 0:00:00;"DKK";7,47
23.2.2026 0:00:00;"GBP";0,87
23.2.2026 0:00:00;"HKD";9,21
23.2.2026 0:00:00;"HUF";379,65
23.2.2026 0:00:00;"CHF";0,91
23.2.2026 0:00:00;"IDR";19823,28
23.2.2026 0:00:00;"ILS";3,67
23.2.2026 0:00:00;"INR";107,11
23.2.2026 0:00:00;"ISK";144,90
23.2.2026 0:00:00;"JPY";182,44
23.2.2026 0:00:00;"KRW";1701,08
23.2.2026 0:00:00;"MXN";20,26
23.2.2026 0:00:00;"MYR";4,58
23.2.2026 0:00:00;"NOK";11,25
23.2.2026 0:00:00;"NZD";1,97
23.2.2026 0:00:00;"PHP";67,91
23.2.2026 0:00:00;"PLN";4,21
23.2.2026 0:00:00;"RON";5,09
23.2.2026 0:00:00;"SEK";10,69
23.2.2026 0:00:00;"SGD";1,49
23.2.2026 0:00:00;"THB";36,56
23.2.2026 0:00:00;"TRY";51,65
23.2.2026 0:00:00;"USD";1,17
23.2.2026 0:00:00;"ZAR";18,86
24.2.2026 0:00:00;"AUD";1,67
24.2.2026 0:00:00;"BRL";6,09
24.2.2026 0:00:00;"CAD";1,61
24.2.2026 0:00:00;"CNY";8,10
24.2.2026 0:00:00;"CZK";24,22
24.2.2026 0:00:00;"DKK";7,47
24.2.2026 0:00:00;"GBP";0,87
24.2.2026 0:00:00;"HKD";9,21
24.2.2026 0:00:00;"HUF";379,00
24.2.2026 0:00:00;"CHF";0,91
24.2.2026 0:00:00;"IDR";19823,58
24.2.2026 0:00:00;"ILS";3,66
24.2.2026 0:00:00;"INR";107,08
24.2.2026 0:00:00;"ISK";144,70
24.2.2026 0:00:00;"JPY";183,53
24.2.2026 0:00:00;"KRW";1699,77
24.2.2026 0:00:00;"MXN";20,35
24.2.2026 0:00:00;"MYR";4,58
24.2.2026 0:00:00;"NOK";11,25
24.2.2026 0:00:00;"NZD";1,97
24.2.2026 0:00:00;"PHP";68,02
24.2.2026 0:00:00;"PLN";4,22
24.2.2026 0:00:00;"RON";5,09
24.2.2026 0:00:00;"SEK";10,68
24.2.2026 0:00:00;"SGD";1,49
24.2.2026 0:00:00;"THB";36,57
24.2.2026 0:00:00;"TRY";51,64
24.2.2026 0:00:00;"USD";1,17
24.2.2026 0:00:00;"ZAR";18,85
26.2.2026 0:00:00;"AUD";1,65
26.2.2026 0:00:00;"BRL";6,05
26.2.2026 0:00:00;"CAD";1,61
26.2.2026 0:00:00;"CNY";8,08
26.2.2026 0:00:00;"CZK";24,24
26.2.2026 0:00:00;"DKK";7,47
26.2.2026 0:00:00;"GBP";0,87
26.2.2026 0:00:00;"HKD";9,24
26.2.2026 0:00:00;"HUF";375,20
26.2.2026 0:00:00;"CHF";0,91
26.2.2026 0:00:00;"IDR";19809,24
26.2.2026 0:00:00;"ILS";3,67
26.2.2026 0:00:00;"INR";107,42
26.2.2026 0:00:00;"ISK";143,30
26.2.2026 0:00:00;"JPY";184,37
26.2.2026 0:00:00;"KRW";1684,25
26.2.2026 0:00:00;"MXN";20,29
26.2.2026 0:00:00;"MYR";4,59
26.2.2026 0:00:00;"NOK";11,29
26.2.2026 0:00:00;"NZD";1,97
26.2.2026 0:00:00;"PHP";68,07
26.2.2026 0:00:00;"PLN";4,22
26.2.2026 0:00:00;"RON";5,09
26.2.2026 0:00:00;"SEK";10,67
26.2.2026 0:00:00;"SGD";1,49
26.2.2026 0:00:00;"THB";36,69
26.2.2026 0:00:00;"TRY";51,84
26.2.2026 0:00:00;"USD";1,18
26.2.2026 0:00:00;"ZAR";18,75
27.2.2026 0:00:00;"AUD";1,66
27.2.2026 0:00:00;"BRL";6,08
27.2.2026 0:00:00;"CAD";1,61
27.2.2026 0:00:00;"CNY";8,09
27.2.2026 0:00:00;"CZK";24,24
27.2.2026 0:00:00;"DKK";7,47
27.2.2026 0:00:00;"GBP";0,87
27.2.2026 0:00:00;"HKD";9,23
27.2.2026 0:00:00;"HUF";376,63
27.2.2026 0:00:00;"CHF";0,91
27.2.2026 0:00:00;"IDR";19833,70
27.2.2026 0:00:00;"ILS";3,71
27.2.2026 0:00:00;"INR";107,52
27.2.2026 0:00:00;"ISK";143,50
27.2.2026 0:00:00;"JPY";184,13
27.2.2026 0:00:00;"KRW";1702,25
27.2.2026 0:00:00;"MXN";20,31
27.2.2026 0:00:00;"MYR";4,59
27.2.2026 0:00:00;"NOK";11,20
27.2.2026 0:00:00;"NZD";1,97
27.2.2026 0:00:00;"PHP";68,09
27.2.2026 0:00:00;"PLN";4,22
27.2.2026 0:00:00;"RON";5,09
27.2.2026 0:00:00;"SEK";10,66
27.2.2026 0:00:00;"SGD";1,49
27.2.2026 0:00:00;"THB";36,69
27.2.2026 0:00:00;"TRY";51,89
27.2.2026 0:00:00;"USD";1,18
27.2.2026 0:00:00;"ZAR";18,81
2.3.2026 0:00:00;"AUD";1,65
2.3.2026 0:00:00;"BRL";6,09
2.3.2026 0:00:00;"CAD";1,59
2.3.2026 0:00:00;"CNY";8,05
2.3.2026 0:00:00;"CZK";24,27
2.3.2026 0:00:00;"DKK";7,47
2.3.2026 0:00:00;"GBP";0,87
2.3.2026 0:00:00;"HKD";9,15
2.3.2026 0:00:00;"HUF";381,70
2.3.2026 0:00:00;"CHF";0,91
2.3.2026 0:00:00;"IDR";19742,36
2.3.2026 0:00:00;"ILS";3,60
2.3.2026 0:00:00;"INR";107,31
2.3.2026 0:00:00;"ISK";143,90
2.3.2026 0:00:00;"JPY";184,19
2.3.2026 0:00:00;"KRW";1710,38
2.3.2026 0:00:00;"MXN";20,29
2.3.2026 0:00:00;"MYR";4,59
2.3.2026 0:00:00;"NOK";11,19
2.3.2026 0:00:00;"NZD";1,97
2.3.2026 0:00:00;"PHP";68,13
2.3.2026 0:00:00;"PLN";4,24
2.3.2026 0:00:00;"RON";5,09
2.3.2026 0:00:00;"SEK";10,70
2.3.2026 0:00:00;"SGD";1,49
2.3.2026 0:00:00;"THB";36,86
2.3.2026 0:00:00;"TRY";51,42
2.3.2026 0:00:00;"USD";1,16
2.3.2026 0:00:00;"ZAR";18,90
3.3.2026 0:00:00;"AUD";1,65
3.3.2026 0:00:00;"BRL";6,08
3.3.2026 0:00:00;"CAD";1,58
3.3.2026 0:00:00;"CNY";8,01
3.3.2026 0:00:00;"CZK";24,37
3.3.2026 0:00:00;"DKK";7,47
3.3.2026 0:00:00;"GBP";0,87
3.3.2026 0:00:00;"HKD";9,05
3.3.2026 0:00:00;"HUF";387,89
3.3.2026 0:00:00;"CHF";0,91
3.3.2026 0:00:00;"IDR";19607,81
3.3.2026 0:00:00;"ILS";3,59
3.3.2026 0:00:00;"INR";106,95
3.3.2026 0:00:00;"ISK";144,10
3.3.2026 0:00:00;"JPY";182,98
3.3.2026 0:00:00;"KRW";1715,95
3.3.2026 0:00:00;"MXN";20,32
3.3.2026 0:00:00;"MYR";4,57
3.3.2026 0:00:00;"NOK";11,24
3.3.2026 0:00:00;"NZD";1,96
3.3.2026 0:00:00;"PHP";67,85
3.3.2026 0:00:00;"PLN";4,28
3.3.2026 0:00:00;"RON";5,09
3.3.2026 0:00:00;"SEK";10,72
3.3.2026 0:00:00;"SGD";1,48
3.3.2026 0:00:00;"THB";36,86
3.3.2026 0:00:00;"TRY";51,04
3.3.2026 0:00:00;"USD";1,16
3.3.2026 0:00:00;"ZAR";19,02
4.3.2026 0:00:00;"AUD";1,65
4.3.2026 0:00:00;"BRL";6,08
4.3.2026 0:00:00;"CAD";1,59
4.3.2026 0:00:00;"CNY";8,03
4.3.2026 0:00:00;"CZK";24,36
4.3.2026 0:00:00;"DKK";7,47
4.3.2026 0:00:00;"GBP";0,87
4.3.2026 0:00:00;"HKD";9,10
4.3.2026 0:00:00;"HUF";384,33
4.3.2026 0:00:00;"CHF";0,90
4.3.2026 0:00:00;"IDR";19633,92
4.3.2026 0:00:00;"ILS";3,58
4.3.2026 0:00:00;"INR";107,26
4.3.2026 0:00:00;"ISK";144,70
4.3.2026 0:00:00;"JPY";183,02
4.3.2026 0:00:00;"KRW";1706,34
4.3.2026 0:00:00;"MXN";20,44
4.3.2026 0:00:00;"MYR";4,59
4.3.2026 0:00:00;"NOK";11,23
4.3.2026 0:00:00;"NZD";1,96
4.3.2026 0:00:00;"PHP";68,11
4.3.2026 0:00:00;"PLN";4,25
4.3.2026 0:00:00;"RON";5,09
4.3.2026 0:00:00;"SEK";10,67
4.3.2026 0:00:00;"SGD";1,48
4.3.2026 0:00:00;"THB";36,67
4.3.2026 0:00:00;"TRY";51,22
4.3.2026 0:00:00;"USD";1,16
4.3.2026 0:00:00;"ZAR";19,00
6.3.2026 0:00:00;"AUD";1,65
6.3.2026 0:00:00;"BRL";6,10
6.3.2026 0:00:00;"CAD";1,57
6.3.2026 0:00:00;"CNY";7,98
6.3.2026 0:00:00;"CZK";24,41
6.3.2026 0:00:00;"DKK";7,47
6.3.2026 0:00:00;"GBP";0,86
6.3.2026 0:00:00;"HKD";9,04
6.3.2026 0:00:00;"HUF";393,40
6.3.2026 0:00:00;"CHF";0,90
6.3.2026 0:00:00;"IDR";19623,06
6.3.2026 0:00:00;"ILS";3,57
6.3.2026 0:00:00;"INR";106,17
6.3.2026 0:00:00;"ISK";144,90
6.3.2026 0:00:00;"JPY";182,57
6.3.2026 0:00:00;"KRW";1717,02
6.3.2026 0:00:00;"MXN";20,56
6.3.2026 0:00:00;"MYR";4,56
6.3.2026 0:00:00;"NOK";11,17
6.3.2026 0:00:00;"NZD";1,96
6.3.2026 0:00:00;"PHP";68,52
6.3.2026 0:00:00;"PLN";4,28
6.3.2026 0:00:00;"RON";5,09
6.3.2026 0:00:00;"SEK";10,69
6.3.2026 0:00:00;"SGD";1,48
6.3.2026 0:00:00;"THB";36,96
6.3.2026 0:00:00;"TRY";50,95
6.3.2026 0:00:00;"USD";1,15
6.3.2026 0:00:00;"ZAR";19,32
9.3.2026 0:00:00;"AUD";1,64
9.3.2026 0:00:00;"BRL";6,04
9.3.2026 0:00:00;"CAD";1,56
9.3.2026 0:00:00;"CNY";7,99
9.3.2026 0:00:00;"CZK";24,39
9.3.2026 0:00:00;"DKK";7,47
9.3.2026 0:00:00;"GBP";0,86
9.3.2026 0:00:00;"HKD";9,03
9.3.2026 0:00:00;"HUF";396,38
9.3.2026 0:00:00;"CHF";0,90
9.3.2026 0:00:00;"IDR";19575,56
9.3.2026 0:00:00;"ILS";3,59
9.3.2026 0:00:00;"INR";106,65
9.3.2026 0:00:00;"ISK";145,10
9.3.2026 0:00:00;"JPY";183,15
9.3.2026 0:00:00;"KRW";1716,06
9.3.2026 0:00:00;"MXN";20,62
9.3.2026 0:00:00;"MYR";4,57
9.3.2026 0:00:00;"NOK";11,15
9.3.2026 0:00:00;"NZD";1,95
9.3.2026 0:00:00;"PHP";68,77
9.3.2026 0:00:00;"PLN";4,27
9.3.2026 0:00:00;"RON";5,09
9.3.2026 0:00:00;"SEK";10,69
9.3.2026 0:00:00;"SGD";1,47
9.3.2026 0:00:00;"THB";37,05
9.3.2026 0:00:00;"TRY";50,93
9.3.2026 0:00:00;"USD";1,15
9.3.2026 0:00:00;"ZAR";19,27
10.3.2026 0:00:00;"AUD";1,63
10.3.2026 0:00:00;"BRL";6,02
10.3.2026 0:00:00;"CAD";1,57
10.3.2026 0:00:00;"CNY";8,00
10.3.2026 0:00:00;"CZK";24,38
10.3.2026 0:00:00;"DKK";7,47
10.3.2026 0:00:00;"GBP";0,86
10.3.2026 0:00:00;"HKD";9,10
10.3.2026 0:00:00;"HUF";385,83
10.3.2026 0:00:00;"CHF";0,90
10.3.2026 0:00:00;"IDR";19634,06
10.3.2026 0:00:00;"ILS";3,59
10.3.2026 0:00:00;"INR";107,05
10.3.2026 0:00:00;"ISK";144,88
10.3.2026 0:00:00;"JPY";183,67
10.3.2026 0:00:00;"KRW";1711,37
10.3.2026 0:00:00;"MXN";20,44
10.3.2026 0:00:00;"MYR";4,56
10.3.2026 0:00:00;"NOK";11,14
10.3.2026 0:00:00;"NZD";1,95
10.3.2026 0:00:00;"PHP";68,70
10.3.2026 0:00:00;"PLN";4,25
10.3.2026 0:00:00;"RON";5,09
10.3.2026 0:00:00;"SEK";10,60
10.3.2026 0:00:00;"SGD";1,48
10.3.2026 0:00:00;"THB";36,81
10.3.2026 0:00:00;"TRY";51,27
10.3.2026 0:00:00;"USD";1,16
10.3.2026 0:00:00;"ZAR";18,96
11.3.2026 0:00:00;"AUD";1,61
11.3.2026 0:00:00;"BRL";5,98
11.3.2026 0:00:00;"CAD";1,57
11.3.2026 0:00:00;"CNY";7,95
11.3.2026 0:00:00;"CZK";24,37
11.3.2026 0:00:00;"DKK";7,47
11.3.2026 0:00:00;"GBP";0,86
11.3.2026 0:00:00;"HKD";9,06
11.3.2026 0:00:00;"HUF";387,83
11.3.2026 0:00:00;"CHF";0,90
11.3.2026 0:00:00;"IDR";19569,86
11.3.2026 0:00:00;"ILS";3,59
11.3.2026 0:00:00;"INR";106,62
11.3.2026 0:00:00;"ISK";145,00
11.3.2026 0:00:00;"JPY";183,63
11.3.2026 0:00:00;"KRW";1710,64
11.3.2026 0:00:00;"MXN";20,44
11.3.2026 0:00:00;"MYR";4,53
11.3.2026 0:00:00;"NOK";11,17
11.3.2026 0:00:00;"NZD";1,95
11.3.2026 0:00:00;"PHP";68,62
11.3.2026 0:00:00;"PLN";4,25
11.3.2026 0:00:00;"RON";5,09
11.3.2026 0:00:00;"SEK";10,65
11.3.2026 0:00:00;"SGD";1,47
11.3.2026 0:00:00;"THB";36,78
11.3.2026 0:00:00;"TRY";51,06
11.3.2026 0:00:00;"USD";1,15
11.3.2026 0:00:00;"ZAR";18,99
12.3.2026 0:00:00;"AUD";1,61
12.3.2026 0:00:00;"BRL";5,96
12.3.2026 0:00:00;"CAD";1,57
12.3.2026 0:00:00;"CNY";7,93
12.3.2026 0:00:00;"CZK";24,40
12.3.2026 0:00:00;"DKK";7,47
12.3.2026 0:00:00;"GBP";0,86
12.3.2026 0:00:00;"HKD";9,03
12.3.2026 0:00:00;"HUF";387,54
12.3.2026 0:00:00;"CHF";0,90
12.3.2026 0:00:00;"IDR";19498,09
12.3.2026 0:00:00;"ILS";3,59
12.3.2026 0:00:00;"INR";106,47
12.3.2026 0:00:00;"ISK";144,60
12.3.2026 0:00:00;"JPY";183,43
12.3.2026 0:00:00;"KRW";1709,93
12.3.2026 0:00:00;"MXN";20,45
12.3.2026 0:00:00;"MYR";4,53
12.3.2026 0:00:00;"NOK";11,15
12.3.2026 0:00:00;"NZD";1,95
12.3.2026 0:00:00;"PHP";68,62
12.3.2026 0:00:00;"PLN";4,25
12.3.2026 0:00:00;"RON";5,09
12.3.2026 0:00:00;"SEK";10,71
12.3.2026 0:00:00;"SGD";1,47
12.3.2026 0:00:00;"THB";36,87
12.3.2026 0:00:00;"TRY";50,93
12.3.2026 0:00:00;"USD";1,15
12.3.2026 0:00:00;"ZAR";19,10
13.3.2026 0:00:00;"AUD";1,62
13.3.2026 0:00:00;"BRL";6,01
13.3.2026 0:00:00;"CAD";1,57
13.3.2026 0:00:00;"CNY";7,91
13.3.2026 0:00:00;"CZK";24,43
13.3.2026 0:00:00;"DKK";7,47
13.3.2026 0:00:00;"GBP";0,86
13.3.2026 0:00:00;"HKD";8,98
13.3.2026 0:00:00;"HUF";391,48
13.3.2026 0:00:00;"CHF";0,90
13.3.2026 0:00:00;"IDR";19395,07
13.3.2026 0:00:00;"ILS";3,58
13.3.2026 0:00:00;"INR";106,02
13.3.2026 0:00:00;"ISK";144,20
13.3.2026 0:00:00;"JPY";182,85
13.3.2026 0:00:00;"KRW";1711,87
13.3.2026 0:00:00;"MXN";20,45
13.3.2026 0:00:00;"MYR";4,51
13.3.2026 0:00:00;"NOK";11,15
13.3.2026 0:00:00;"NZD";1,96
13.3.2026 0:00:00;"PHP";68,30
13.3.2026 0:00:00;"PLN";4,26
13.3.2026 0:00:00;"RON";5,09
13.3.2026 0:00:00;"SEK";10,75
13.3.2026 0:00:00;"SGD";1,46
13.3.2026 0:00:00;"THB";36,95
13.3.2026 0:00:00;"TRY";50,71
13.3.2026 0:00:00;"USD";1,14
13.3.2026 0:00:00;"ZAR";19,27
16.3.2026 0:00:00;"AUD";1,62
16.3.2026 0:00:00;"BRL";6,04
16.3.2026 0:00:00;"CAD";1,57
16.3.2026 0:00:00;"CNY";7,91
16.3.2026 0:00:00;"CZK";24,43
16.3.2026 0:00:00;"DKK";7,47
16.3.2026 0:00:00;"GBP";0,86
16.3.2026 0:00:00;"HKD";8,98
16.3.2026 0:00:00;"HUF";390,23
16.3.2026 0:00:00;"CHF";0,90
16.3.2026 0:00:00;"IDR";19472,25
16.3.2026 0:00:00;"ILS";3,58
16.3.2026 0:00:00;"INR";105,88
16.3.2026 0:00:00;"ISK";143,40
16.3.2026 0:00:00;"JPY";182,66
16.3.2026 0:00:00;"KRW";1711,08
16.3.2026 0:00:00;"MXN";20,43
16.3.2026 0:00:00;"MYR";4,51
16.3.2026 0:00:00;"NOK";11,14
16.3.2026 0:00:00;"NZD";1,96
16.3.2026 0:00:00;"PHP";68,57
16.3.2026 0:00:00;"PLN";4,26
16.3.2026 0:00:00;"RON";5,09
16.3.2026 0:00:00;"SEK";10,76
16.3.2026 0:00:00;"SGD";1,46
16.3.2026 0:00:00;"THB";37,14
16.3.2026 0:00:00;"TRY";50,71
16.3.2026 0:00:00;"USD";1,14
16.3.2026 0:00:00;"ZAR";19,24
17.3.2026 0:00:00;"AUD";1,62
17.3.2026 0:00:00;"BRL";6,00
17.3.2026 0:00:00;"CAD";1,58
17.3.2026 0:00:00;"CNY";7,94
17.3.2026 0:00:00;"CZK";24,43
17.3.2026 0:00:00;"DKK";7,47
17.3.2026 0:00:00;"GBP";0,86
17.3.2026 0:00:00;"HKD";9,03
17.3.2026 0:00:00;"HUF";388,33
17.3.2026 0:00:00;"CHF";0,90
17.3.2026 0:00:00;"IDR";19554,27
17.3.2026 0:00:00;"ILS";3,57
17.3.2026 0:00:00;"INR";106,50
17.3.2026 0:00:00;"ISK";143,60
17.3.2026 0:00:00;"JPY";183,29
17.3.2026 0:00:00;"KRW";1714,87
17.3.2026 0:00:00;"MXN";20,36
17.3.2026 0:00:00;"MYR";4,51
17.3.2026 0:00:00;"NOK";11,07
17.3.2026 0:00:00;"NZD";1,96
17.3.2026 0:00:00;"PHP";68,67
17.3.2026 0:00:00;"PLN";4,25
17.3.2026 0:00:00;"RON";5,09
17.3.2026 0:00:00;"SEK";10,70
17.3.2026 0:00:00;"SGD";1,47
17.3.2026 0:00:00;"THB";37,26
17.3.2026 0:00:00;"TRY";50,97
17.3.2026 0:00:00;"USD";1,15
17.3.2026 0:00:00;"ZAR";19,20
18.3.2026 0:00:00;"AUD";1,63
18.3.2026 0:00:00;"BRL";6,00
18.3.2026 0:00:00;"CAD";1,57
18.3.2026 0:00:00;"CNY";7,92
18.3.2026 0:00:00;"CZK";24,46
18.3.2026 0:00:00;"DKK";7,47
18.3.2026 0:00:00;"GBP";0,86
18.3.2026 0:00:00;"HKD";9,01
18.3.2026 0:00:00;"HUF";392,83
18.3.2026 0:00:00;"CHF";0,90
18.3.2026 0:00:00;"IDR";19543,10
18.3.2026 0:00:00;"ILS";3,56
18.3.2026 0:00:00;"INR";106,83
18.3.2026 0:00:00;"ISK";143,60
18.3.2026 0:00:00;"JPY";183,49
18.3.2026 0:00:00;"KRW";1729,08
18.3.2026 0:00:00;"MXN";20,39
18.3.2026 0:00:00;"MYR";4,50
18.3.2026 0:00:00;"NOK";11,02
18.3.2026 0:00:00;"NZD";1,97
18.3.2026 0:00:00;"PHP";69,00
18.3.2026 0:00:00;"PLN";4,27
18.3.2026 0:00:00;"RON";5,09
18.3.2026 0:00:00;"SEK";10,77
18.3.2026 0:00:00;"SGD";1,47
18.3.2026 0:00:00;"THB";37,56
18.3.2026 0:00:00;"TRY";50,85
18.3.2026 0:00:00;"USD";1,15
18.3.2026 0:00:00;"ZAR";19,41
19.3.2026 0:00:00;"AUD";1,64
19.3.2026 0:00:00;"BRL";6,08
19.3.2026 0:00:00;"CAD";1,57
19.3.2026 0:00:00;"CNY";7,92
19.3.2026 0:00:00;"CZK";24,51
19.3.2026 0:00:00;"DKK";7,47
19.3.2026 0:00:00;"GBP";0,86
19.3.2026 0:00:00;"HKD";8,99
19.3.2026 0:00:00;"HUF";394,30
19.3.2026 0:00:00;"CHF";0,91
19.3.2026 0:00:00;"IDR";19485,57
19.3.2026 0:00:00;"ILS";3,59
19.3.2026 0:00:00;"INR";107,13
19.3.2026 0:00:00;"ISK";143,40
19.3.2026 0:00:00;"JPY";182,46
19.3.2026 0:00:00;"KRW";1725,20
19.3.2026 0:00:00;"MXN";20,58
19.3.2026 0:00:00;"MYR";4,52
19.3.2026 0:00:00;"NOK";10,99
19.3.2026 0:00:00;"NZD";1,98
19.3.2026 0:00:00;"PHP";69,11
19.3.2026 0:00:00;"PLN";4,28
19.3.2026 0:00:00;"RON";5,09
19.3.2026 0:00:00;"SEK";10,80
19.3.2026 0:00:00;"SGD";1,47
19.3.2026 0:00:00;"THB";37,80
19.3.2026 0:00:00;"TRY";50,92
19.3.2026 0:00:00;"USD";1,14
19.3.2026 0:00:00;"ZAR";19,61
20.3.2026 0:00:00;"AUD";1,63
20.3.2026 0:00:00;"BRL";6,07
20.3.2026 0:00:00;"CAD";1,58
20.3.2026 0:00:00;"CNY";7,96
20.3.2026 0:00:00;"CZK";24,50
20.3.2026 0:00:00;"DKK";7,47
20.3.2026 0:00:00;"GBP";0,86
20.3.2026 0:00:00;"HKD";9,05
20.3.2026 0:00:00;"HUF";392,48
20.3.2026 0:00:00;"CHF";0,90
20.3.2026 0:00:00;"IDR";19557,30
20.3.2026 0:00:00;"ILS";3,58
20.3.2026 0:00:00;"INR";108,17
20.3.2026 0:00:00;"ISK";143,80
20.3.2026 0:00:00;"JPY";183,46
20.3.2026 0:00:00;"KRW";1734,17
20.3.2026 0:00:00;"MXN";20,58
20.3.2026 0:00:00;"MYR";4,55
20.3.2026 0:00:00;"NOK";11,02
20.3.2026 0:00:00;"NZD";1,97
20.3.2026 0:00:00;"PHP";69,18
20.3.2026 0:00:00;"PLN";4,27
20.3.2026 0:00:00;"RON";5,09
20.3.2026 0:00:00;"SEK";10,78
20.3.2026 0:00:00;"SGD";1,47
20.3.2026 0:00:00;"THB";37,85
20.3.2026 0:00:00;"TRY";51,19
20.3.2026 0:00:00;"USD";1,15
20.3.2026 0:00:00;"ZAR";19,51
23.3.2026 0:00:00;"AUD";1,65
23.3.2026 0:00:00;"BRL";6,09
23.3.2026 0:00:00;"CAD";1,58
23.3.2026 0:00:00;"CNY";7,99
23.3.2026 0:00:00;"CZK";24,43
23.3.2026 0:00:00;"DKK";7,47
23.3.2026 0:00:00;"GBP";0,86
23.3.2026 0:00:00;"HKD";9,08
23.3.2026 0:00:00;"HUF";388,45
23.3.2026 0:00:00;"CHF";0,91
23.3.2026 0:00:00;"IDR";19593,01
23.3.2026 0:00:00;"ILS";3,61
23.3.2026 0:00:00;"INR";108,09
23.3.2026 0:00:00;"ISK";143,60
23.3.2026 0:00:00;"JPY";183,86
23.3.2026 0:00:00;"KRW";1724,93
23.3.2026 0:00:00;"MXN";20,60
23.3.2026 0:00:00;"MYR";4,56
23.3.2026 0:00:00;"NOK";11,28
23.3.2026 0:00:00;"NZD";1,98
23.3.2026 0:00:00;"PHP";69,16
23.3.2026 0:00:00;"PLN";4,26
23.3.2026 0:00:00;"RON";5,09
23.3.2026 0:00:00;"SEK";10,83
23.3.2026 0:00:00;"SGD";1,47
23.3.2026 0:00:00;"THB";37,40
23.3.2026 0:00:00;"TRY";51,39
23.3.2026 0:00:00;"USD";1,15
23.3.2026 0:00:00;"ZAR";19,49
24.3.2026 0:00:00;"AUD";1,66
24.3.2026 0:00:00;"BRL";6,09
24.3.2026 0:00:00;"CAD";1,59
24.3.2026 0:00:00;"CNY";7,97
24.3.2026 0:00:00;"CZK";24,47
24.3.2026 0:00:00;"DKK";7,47
24.3.2026 0:00:00;"GBP";0,86
24.3.2026 0:00:00;"HKD";9,05
24.3.2026 0:00:00;"HUF";389,88
24.3.2026 0:00:00;"CHF";0,91
24.3.2026 0:00:00;"IDR";19545,80
24.3.2026 0:00:00;"ILS";3,62
24.3.2026 0:00:00;"INR";108,59
24.3.2026 0:00:00;"ISK";144,00
24.3.2026 0:00:00;"JPY";183,91
24.3.2026 0:00:00;"KRW";1734,48
24.3.2026 0:00:00;"MXN";20,69
24.3.2026 0:00:00;"MYR";4,57
24.3.2026 0:00:00;"NOK";11,23
24.3.2026 0:00:00;"NZD";1,98
24.3.2026 0:00:00;"PHP";69,39
24.3.2026 0:00:00;"PLN";4,27
24.3.2026 0:00:00;"RON";5,09
24.3.2026 0:00:00;"SEK";10,82
24.3.2026 0:00:00;"SGD";1,48
24.3.2026 0:00:00;"THB";37,79
24.3.2026 0:00:00;"TRY";51,31
24.3.2026 0:00:00;"USD";1,15
24.3.2026 0:00:00;"ZAR";19,79
25.3.2026 0:00:00;"AUD";1,66
25.3.2026 0:00:00;"BRL";6,06
25.3.2026 0:00:00;"CAD";1,59
25.3.2026 0:00:00;"CNY";7,99
25.3.2026 0:00:00;"CZK";24,43
25.3.2026 0:00:00;"DKK";7,47
25.3.2026 0:00:00;"GBP";0,86
25.3.2026 0:00:00;"HKD";9,06
25.3.2026 0:00:00;"HUF";389,18
25.3.2026 0:00:00;"CHF";0,91
25.3.2026 0:00:00;"IDR";19541,91
25.3.2026 0:00:00;"ILS";3,61
25.3.2026 0:00:00;"INR";108,90
25.3.2026 0:00:00;"ISK";143,40
25.3.2026 0:00:00;"JPY";184,27
25.3.2026 0:00:00;"KRW";1735,94
25.3.2026 0:00:00;"MXN";20,59
25.3.2026 0:00:00;"MYR";4,59
25.3.2026 0:00:00;"NOK";11,28
25.3.2026 0:00:00;"NZD";1,99
25.3.2026 0:00:00;"PHP";69,62
25.3.2026 0:00:00;"PLN";4,27
25.3.2026 0:00:00;"RON";5,09
25.3.2026 0:00:00;"SEK";10,77
25.3.2026 0:00:00;"SGD";1,48
25.3.2026 0:00:00;"THB";37,77
25.3.2026 0:00:00;"TRY";51,41
25.3.2026 0:00:00;"USD";1,15
25.3.2026 0:00:00;"ZAR";19,60
26.3.2026 0:00:00;"AUD";1,66
26.3.2026 0:00:00;"BRL";6,04
26.3.2026 0:00:00;"CAD";1,59
26.3.2026 0:00:00;"CNY";7,97
26.3.2026 0:00:00;"CZK";24,47
26.3.2026 0:00:00;"DKK";7,47
26.3.2026 0:00:00;"GBP";0,86
26.3.2026 0:00:00;"HKD";9,02
26.3.2026 0:00:00;"HUF";388,35
26.3.2026 0:00:00;"CHF";0,91
26.3.2026 0:00:00;"IDR";19521,33
26.3.2026 0:00:00;"ILS";3,60
26.3.2026 0:00:00;"INR";108,60
26.3.2026 0:00:00;"ISK";143,40
26.3.2026 0:00:00;"JPY";184,19
26.3.2026 0:00:00;"KRW";1738,14
26.3.2026 0:00:00;"MXN";20,56
26.3.2026 0:00:00;"MYR";4,60
26.3.2026 0:00:00;"NOK";11,12
26.3.2026 0:00:00;"NZD";1,99
26.3.2026 0:00:00;"PHP";69,48
26.3.2026 0:00:00;"PLN";4,27
26.3.2026 0:00:00;"RON";5,09
26.3.2026 0:00:00;"SEK";10,84
26.3.2026 0:00:00;"SGD";1,48
26.3.2026 0:00:00;"THB";37,96
26.3.2026 0:00:00;"TRY";51,19
26.3.2026 0:00:00;"USD";1,15
26.3.2026 0:00:00;"ZAR";19,68
27.3.2026 0:00:00;"AUD";1,67
27.3.2026 0:00:00;"BRL";6,05
27.3.2026 0:00:00;"CAD";1,59
27.3.2026 0:00:00;"CNY";7,96
27.3.2026 0:00:00;"CZK";24,54
27.3.2026 0:00:00;"DKK";7,47
27.3.2026 0:00:00;"GBP";0,86
27.3.2026 0:00:00;"HKD";9,02
27.3.2026 0:00:00;"HUF";389,73
27.3.2026 0:00:00;"CHF";0,91
27.3.2026 0:00:00;"IDR";19559,03
27.3.2026 0:00:00;"ILS";3,63
27.3.2026 0:00:00;"INR";109,19
27.3.2026 0:00:00;"ISK";143,60
27.3.2026 0:00:00;"JPY";184,16
27.3.2026 0:00:00;"KRW";1740,79
27.3.2026 0:00:00;"MXN";20,79
27.3.2026 0:00:00;"MYR";4,62
27.3.2026 0:00:00;"NOK";11,18
27.3.2026 0:00:00;"NZD";2,00
27.3.2026 0:00:00;"PHP";69,75
27.3.2026 0:00:00;"PLN";4,28
27.3.2026 0:00:00;"RON";5,09
27.3.2026 0:00:00;"SEK";10,87
27.3.2026 0:00:00;"SGD";1,48
27.3.2026 0:00:00;"THB";37,94
27.3.2026 0:00:00;"TRY";51,20
27.3.2026 0:00:00;"USD";1,15
27.3.2026 0:00:00;"ZAR";19,79
30.3.2026 0:00:00;"AUD";1,67
30.3.2026 0:00:00;"BRL";6,01
30.3.2026 0:00:00;"CAD";1,59
30.3.2026 0:00:00;"CNY";7,93
30.3.2026 0:00:00;"CZK";24,55
30.3.2026 0:00:00;"DKK";7,47
30.3.2026 0:00:00;"GBP";0,86
30.3.2026 0:00:00;"HKD";8,99
30.3.2026 0:00:00;"HUF";389,53
30.3.2026 0:00:00;"CHF";0,91
30.3.2026 0:00:00;"IDR";19542,90
30.3.2026 0:00:00;"ILS";3,62
30.3.2026 0:00:00;"INR";108,76
30.3.2026 0:00:00;"ISK";143,40
30.3.2026 0:00:00;"JPY";183,12
30.3.2026 0:00:00;"KRW";1742,93
30.3.2026 0:00:00;"MXN";20,77
30.3.2026 0:00:00;"MYR";4,62
30.3.2026 0:00:00;"NOK";11,19
30.3.2026 0:00:00;"NZD";2,00
30.3.2026 0:00:00;"PHP";69,71
30.3.2026 0:00:00;"PLN";4,28
30.3.2026 0:00:00;"RON";5,09
30.3.2026 0:00:00;"SEK";10,90
30.3.2026 0:00:00;"SGD";1,48
30.3.2026 0:00:00;"THB";37,73
30.3.2026 0:00:00;"TRY";51,05
30.3.2026 0:00:00;"USD";1,14
30.3.2026 0:00:00;"ZAR";19,73
31.3.2026 0:00:00;"AUD";1,66
31.3.2026 0:00:00;"BRL";6,00
31.3.2026 0:00:00;"CAD";1,60
31.3.2026 0:00:00;"CNY";7,93
31.3.2026 0:00:00;"CZK";24,51
31.3.2026 0:00:00;"DKK";7,47
31.3.2026 0:00:00;"GBP";0,86
31.3.2026 0:00:00;"HKD";9,01
31.3.2026 0:00:00;"HUF";384,88
31.3.2026 0:00:00;"CHF";0,91
31.3.2026 0:00:00;"IDR";19506,24
31.3.2026 0:00:00;"ILS";3,63
31.3.2026 0:00:00;"INR";107,87
31.3.2026 0:00:00;"ISK";143,60
31.3.2026 0:00:00;"JPY";183,39
31.3.2026 0:00:00;"KRW";1753,22
31.3.2026 0:00:00;"MXN";20,71
31.3.2026 0:00:00;"MYR";4,65
31.3.2026 0:00:00;"NOK";11,21
31.3.2026 0:00:00;"NZD";2,00
31.3.2026 0:00:00;"PHP";69,78
31.3.2026 0:00:00;"PLN";4,28
31.3.2026 0:00:00;"RON";5,09
31.3.2026 0:00:00;"SEK";10,94
31.3.2026 0:00:00;"SGD";1,48
31.3.2026 0:00:00;"THB";37,66
31.3.2026 0:00:00;"TRY";51,14
31.3.2026 0:00:00;"USD";1,14
31.3.2026 0:00:00;"ZAR";19,62
1.4.2026 0:00:00;"AUD";1,66
1.4.2026 0:00:00;"BRL";5,98
1.4.2026 0:00:00;"CAD";1,61
1.4.2026 0:00:00;"CNY";7,97
1.4.2026 0:00:00;"CZK";24,51
1.4.2026 0:00:00;"DKK";7,47
1.4.2026 0:00:00;"GBP";0,87
1.4.2026 0:00:00;"HKD";9,09
1.4.2026 0:00:00;"HUF";381,90
1.4.2026 0:00:00;"CHF";0,91
1.4.2026 0:00:00;"IDR";19629,34
1.4.2026 0:00:00;"ILS";3,63
1.4.2026 0:00:00;"INR";108,42
1.4.2026 0:00:00;"ISK";144,00
1.4.2026 0:00:00;"JPY";183,73
1.4.2026 0:00:00;"KRW";1746,33
1.4.2026 0:00:00;"MXN";20,71
1.4.2026 0:00:00;"MYR";4,67
1.4.2026 0:00:00;"NOK";11,20
1.4.2026 0:00:00;"NZD";2,01
1.4.2026 0:00:00;"PHP";69,84
1.4.2026 0:00:00;"PLN";4,27
1.4.2026 0:00:00;"RON";5,09
1.4.2026 0:00:00;"SEK";10,88
1.4.2026 0:00:00;"SGD";1,48
1.4.2026 0:00:00;"THB";37,72
1.4.2026 0:00:00;"TRY";51,60
1.4.2026 0:00:00;"USD";1,16
1.4.2026 0:00:00;"ZAR";19,47
2.4.2026 0:00:00;"AUD";1,67
2.4.2026 0:00:00;"BRL";5,97
2.4.2026 0:00:00;"CAD";1,60
2.4.2026 0:00:00;"CNY";7,94
2.4.2026 0:00:00;"CZK";24,54
2.4.2026 0:00:00;"DKK";7,47
2.4.2026 0:00:00;"GBP";0,87
2.4.2026 0:00:00;"HKD";9,03
2.4.2026 0:00:00;"HUF";383,93
2.4.2026 0:00:00;"CHF";0,92
2.4.2026 0:00:00;"IDR";19604,77
2.4.2026 0:00:00;"ILS";3,63
2.4.2026 0:00:00;"INR";107,30
2.4.2026 0:00:00;"ISK";144,40
2.4.2026 0:00:00;"JPY";183,94
2.4.2026 0:00:00;"KRW";1747,94
2.4.2026 0:00:00;"MXN";20,67
2.4.2026 0:00:00;"MYR";4,65
2.4.2026 0:00:00;"NOK";11,22
2.4.2026 0:00:00;"NZD";2,01
2.4.2026 0:00:00;"PHP";69,86
2.4.2026 0:00:00;"PLN";4,28
2.4.2026 0:00:00;"RON";5,09
2.4.2026 0:00:00;"SEK";10,94
2.4.2026 0:00:00;"SGD";1,48
2.4.2026 0:00:00;"THB";37,76
2.4.2026 0:00:00;"TRY";51,27
2.4.2026 0:00:00;"USD";1,15
2.4.2026 0:00:00;"ZAR";19,60
7.4.2026 0:00:00;"AUD";1,66
7.4.2026 0:00:00;"BRL";5,95
7.4.2026 0:00:00;"CAD";1,60
7.4.2026 0:00:00;"CNY";7,92
7.4.2026 0:00:00;"CZK";24,53
7.4.2026 0:00:00;"DKK";7,47
7.4.2026 0:00:00;"GBP";0,87
7.4.2026 0:00:00;"HKD";9,05
7.4.2026 0:00:00;"HUF";382,30
7.4.2026 0:00:00;"CHF";0,92
7.4.2026 0:00:00;"IDR";19727,97
7.4.2026 0:00:00;"ILS";3,63
7.4.2026 0:00:00;"INR";107,48
7.4.2026 0:00:00;"ISK";143,80
7.4.2026 0:00:00;"JPY";184,73
7.4.2026 0:00:00;"KRW";1730,56
7.4.2026 0:00:00;"MXN";20,51
7.4.2026 0:00:00;"MYR";4,65
7.4.2026 0:00:00;"NOK";11,18
7.4.2026 0:00:00;"NZD";2,02
7.4.2026 0:00:00;"PHP";69,62
7.4.2026 0:00:00;"PLN";4,27
7.4.2026 0:00:00;"RON";5,09
7.4.2026 0:00:00;"SEK";10,99
7.4.2026 0:00:00;"SGD";1,48
7.4.2026 0:00:00;"THB";37,68
7.4.2026 0:00:00;"TRY";51,55
7.4.2026 0:00:00;"USD";1,15
7.4.2026 0:00:00;"ZAR";19,51
8.4.2026 0:00:00;"AUD";1,65
8.4.2026 0:00:00;"BRL";5,94
8.4.2026 0:00:00;"CAD";1,62
8.4.2026 0:00:00;"CNY";7,99
8.4.2026 0:00:00;"CZK";24,38
8.4.2026 0:00:00;"DKK";7,47
8.4.2026 0:00:00;"GBP";0,86
8.4.2026 0:00:00;"HKD";9,16
8.4.2026 0:00:00;"HUF";375,63
8.4.2026 0:00:00;"CHF";0,92
8.4.2026 0:00:00;"IDR";19872,46
8.4.2026 0:00:00;"ILS";3,60
8.4.2026 0:00:00;"INR";107,95
8.4.2026 0:00:00;"ISK";143,80
8.4.2026 0:00:00;"JPY";185,13
8.4.2026 0:00:00;"KRW";1725,73
8.4.2026 0:00:00;"MXN";20,36
8.4.2026 0:00:00;"MYR";4,65
8.4.2026 0:00:00;"NOK";11,15
8.4.2026 0:00:00;"NZD";2,00
8.4.2026 0:00:00;"PHP";69,53
8.4.2026 0:00:00;"PLN";4,25
8.4.2026 0:00:00;"RON";5,09
8.4.2026 0:00:00;"SEK";10,78
8.4.2026 0:00:00;"SGD";1,49
8.4.2026 0:00:00;"THB";37,31
8.4.2026 0:00:00;"TRY";52,07
8.4.2026 0:00:00;"USD";1,17
8.4.2026 0:00:00;"ZAR";19,09
9.4.2026 0:00:00;"AUD";1,65
9.4.2026 0:00:00;"BRL";5,95
9.4.2026 0:00:00;"CAD";1,61
9.4.2026 0:00:00;"CNY";7,98
9.4.2026 0:00:00;"CZK";24,40
9.4.2026 0:00:00;"DKK";7,47
9.4.2026 0:00:00;"GBP";0,87
9.4.2026 0:00:00;"HKD";9,15
9.4.2026 0:00:00;"HUF";377,08
9.4.2026 0:00:00;"CHF";0,92
9.4.2026 0:00:00;"IDR";19978,14
9.4.2026 0:00:00;"ILS";3,60
9.4.2026 0:00:00;"INR";108,27
9.4.2026 0:00:00;"ISK";143,60
9.4.2026 0:00:00;"JPY";185,70
9.4.2026 0:00:00;"KRW";1728,78
9.4.2026 0:00:00;"MXN";20,37
9.4.2026 0:00:00;"MYR";4,65
9.4.2026 0:00:00;"NOK";11,12
9.4.2026 0:00:00;"NZD";2,00
9.4.2026 0:00:00;"PHP";69,88
9.4.2026 0:00:00;"PLN";4,25
9.4.2026 0:00:00;"RON";5,09
9.4.2026 0:00:00;"SEK";10,87
9.4.2026 0:00:00;"SGD";1,48
9.4.2026 0:00:00;"THB";37,50
9.4.2026 0:00:00;"TRY";52,10
9.4.2026 0:00:00;"USD";1,16
9.4.2026 0:00:00;"ZAR";19,20
10.4.2026 0:00:00;"AUD";1,65
10.4.2026 0:00:00;"BRL";5,91
10.4.2026 0:00:00;"CAD";1,61
10.4.2026 0:00:00;"CNY";7,99
10.4.2026 0:00:00;"CZK";24,36
10.4.2026 0:00:00;"DKK";7,47
10.4.2026 0:00:00;"GBP";0,87
10.4.2026 0:00:00;"HKD";9,17
10.4.2026 0:00:00;"HUF";377,20
10.4.2026 0:00:00;"CHF";0,92
10.4.2026 0:00:00;"IDR";20020,25
10.4.2026 0:00:00;"ILS";3,57
10.4.2026 0:00:00;"INR";108,77
10.4.2026 0:00:00;"ISK";143,29
10.4.2026 0:00:00;"JPY";186,43
10.4.2026 0:00:00;"KRW";1737,06
10.4.2026 0:00:00;"MXN";20,31
10.4.2026 0:00:00;"MYR";4,64
10.4.2026 0:00:00;"NOK";11,11
10.4.2026 0:00:00;"NZD";2,00
10.4.2026 0:00:00;"PHP";70,08
10.4.2026 0:00:00;"PLN";4,24
10.4.2026 0:00:00;"RON";5,09
10.4.2026 0:00:00;"SEK";10,83
10.4.2026 0:00:00;"SGD";1,49
10.4.2026 0:00:00;"THB";37,59
10.4.2026 0:00:00;"TRY";52,31
10.4.2026 0:00:00;"USD";1,17
10.4.2026 0:00:00;"ZAR";19,23
13.4.2026 0:00:00;"AUD";1,66
13.4.2026 0:00:00;"BRL";5,87
13.4.2026 0:00:00;"CAD";1,61
13.4.2026 0:00:00;"CNY";7,98
13.4.2026 0:00:00;"CZK";24,37
13.4.2026 0:00:00;"DKK";7,47
13.4.2026 0:00:00;"GBP";0,87
13.4.2026 0:00:00;"HKD";9,15
13.4.2026 0:00:00;"HUF";366,90
13.4.2026 0:00:00;"CHF";0,92
13.4.2026 0:00:00;"IDR";20082,05
13.4.2026 0:00:00;"ILS";3,57
13.4.2026 0:00:00;"INR";109,04
13.4.2026 0:00:00;"ISK";143,20
13.4.2026 0:00:00;"JPY";186,75
13.4.2026 0:00:00;"KRW";1740,86
13.4.2026 0:00:00;"MXN";20,32
13.4.2026 0:00:00;"MYR";4,64
13.4.2026 0:00:00;"NOK";11,09
13.4.2026 0:00:00;"NZD";2,00
13.4.2026 0:00:00;"PHP";70,35
13.4.2026 0:00:00;"PLN";4,25
13.4.2026 0:00:00;"RON";5,09
13.4.2026 0:00:00;"SEK";10,89
13.4.2026 0:00:00;"SGD";1,49
13.4.2026 0:00:00;"THB";37,72
13.4.2026 0:00:00;"TRY";52,24
13.4.2026 0:00:00;"USD";1,16
13.4.2026 0:00:00;"ZAR";19,38
14.4.2026 0:00:00;"AUD";1,65
14.4.2026 0:00:00;"BRL";5,87
14.4.2026 0:00:00;"CAD";1,62
14.4.2026 0:00:00;"CNY";8,03
14.4.2026 0:00:00;"CZK";24,34
14.4.2026 0:00:00;"DKK";7,47
14.4.2026 0:00:00;"GBP";0,86
14.4.2026 0:00:00;"HKD";9,23
14.4.2026 0:00:00;"HUF";363,85
14.4.2026 0:00:00;"CHF";0,92
14.4.2026 0:00:00;"IDR";20202,65
14.4.2026 0:00:00;"ILS";3,55
14.4.2026 0:00:00;"INR";109,77
14.4.2026 0:00:00;"ISK";143,80
14.4.2026 0:00:00;"JPY";187,33
14.4.2026 0:00:00;"KRW";1734,18
14.4.2026 0:00:00;"MXN";20,31
14.4.2026 0:00:00;"MYR";4,65
14.4.2026 0:00:00;"NOK";11,10
14.4.2026 0:00:00;"NZD";1,99
14.4.2026 0:00:00;"PHP";70,57
14.4.2026 0:00:00;"PLN";4,24
14.4.2026 0:00:00;"RON";5,09
14.4.2026 0:00:00;"SEK";10,79
14.4.2026 0:00:00;"SGD";1,49
14.4.2026 0:00:00;"THB";37,79
14.4.2026 0:00:00;"TRY";52,74
14.4.2026 0:00:00;"USD";1,17
14.4.2026 0:00:00;"ZAR";19,28
16.4.2026 0:00:00;"AUD";1,64
16.4.2026 0:00:00;"BRL";5,87
16.4.2026 0:00:00;"CAD";1,61
16.4.2026 0:00:00;"CNY";8,03
16.4.2026 0:00:00;"CZK";24,34
16.4.2026 0:00:00;"DKK";7,47
16.4.2026 0:00:00;"GBP";0,86
16.4.2026 0:00:00;"HKD";9,21
16.4.2026 0:00:00;"HUF";364,55
16.4.2026 0:00:00;"CHF";0,92
16.4.2026 0:00:00;"IDR";20193,76
16.4.2026 0:00:00;"ILS";3,52
16.4.2026 0:00:00;"INR";109,85
16.4.2026 0:00:00;"ISK";144,20
16.4.2026 0:00:00;"JPY";187,31
16.4.2026 0:00:00;"KRW";1739,62
16.4.2026 0:00:00;"MXN";20,34
16.4.2026 0:00:00;"MYR";4,65
16.4.2026 0:00:00;"NOK";11,04
16.4.2026 0:00:00;"NZD";1,99
16.4.2026 0:00:00;"PHP";70,66
16.4.2026 0:00:00;"PLN";4,24
16.4.2026 0:00:00;"RON";5,09
16.4.2026 0:00:00;"SEK";10,80
16.4.2026 0:00:00;"SGD";1,49
16.4.2026 0:00:00;"THB";37,68
16.4.2026 0:00:00;"TRY";52,74
16.4.2026 0:00:00;"USD";1,17
16.4.2026 0:00:00;"ZAR";19,30
17.4.2026 0:00:00;"AUD";1,64
17.4.2026 0:00:00;"BRL";5,87
17.4.2026 0:00:00;"CAD";1,61
17.4.2026 0:00:00;"CNY";8,04
17.4.2026 0:00:00;"CZK";24,31
17.4.2026 0:00:00;"DKK";7,47
17.4.2026 0:00:00;"GBP";0,87
17.4.2026 0:00:00;"HKD";9,23
17.4.2026 0:00:00;"HUF";362,70
17.4.2026 0:00:00;"CHF";0,92
17.4.2026 0:00:00;"IDR";20267,48
17.4.2026 0:00:00;"ILS";3,52
17.4.2026 0:00:00;"INR";109,50
17.4.2026 0:00:00;"ISK";144,00
17.4.2026 0:00:00;"JPY";187,72
17.4.2026 0:00:00;"KRW";1744,76
17.4.2026 0:00:00;"MXN";20,31
17.4.2026 0:00:00;"MYR";4,66
17.4.2026 0:00:00;"NOK";11,01
17.4.2026 0:00:00;"NZD";2,00
17.4.2026 0:00:00;"PHP";70,86
17.4.2026 0:00:00;"PLN";4,23
17.4.2026 0:00:00;"RON";5,09
17.4.2026 0:00:00;"SEK";10,80
17.4.2026 0:00:00;"SGD";1,50
17.4.2026 0:00:00;"THB";37,83
17.4.2026 0:00:00;"TRY";52,92
17.4.2026 0:00:00;"USD";1,17
17.4.2026 0:00:00;"ZAR";19,32
22.4.2026 0:00:00;"AUD";1,64
22.4.2026 0:00:00;"BRL";5,83
22.4.2026 0:00:00;"CAD";1,60
22.4.2026 0:00:00;"CNY";8,00
22.4.2026 0:00:00;"CZK";24,34
22.4.2026 0:00:00;"DKK";7,47
22.4.2026 0:00:00;"GBP";0,86
22.4.2026 0:00:00;"HKD";9,18
22.4.2026 0:00:00;"HUF";365,54
22.4.2026 0:00:00;"CHF";0,91
22.4.2026 0:00:00;"IDR";20179,88
22.4.2026 0:00:00;"ILS";3,52
22.4.2026 0:00:00;"INR";110,06
22.4.2026 0:00:00;"ISK";143,80
22.4.2026 0:00:00;"JPY";186,81
22.4.2026 0:00:00;"KRW";1734,20
22.4.2026 0:00:00;"MXN";20,32
22.4.2026 0:00:00;"MYR";4,63
22.4.2026 0:00:00;"NOK";10,91
22.4.2026 0:00:00;"NZD";1,98
22.4.2026 0:00:00;"PHP";70,57
22.4.2026 0:00:00;"PLN";4,24
22.4.2026 0:00:00;"RON";5,09
22.4.2026 0:00:00;"SEK";10,77
22.4.2026 0:00:00;"SGD";1,49
22.4.2026 0:00:00;"THB";37,78
22.4.2026 0:00:00;"TRY";52,71
22.4.2026 0:00:00;"USD";1,17
22.4.2026 0:00:00;"ZAR";19,32
